link,text
http://www.yakup.com/news/?nid=246818&mode=view,약업닷컴을 시작페이지로  즐겨찾기 추가유한전세미나파모스타트msd한림제약  월간의약정보뉴트라덱스뷰티누리전체기사행정제도제약유통약사약학보건의료HB글로벌뉴스포토사람들사람과만남핫이슈기획특집약업포커스프리즘센트온 제주 드림타워에 제주닮은 향기 음식배달 매출 71억 융복합 의료제품 개발 성남시약 2020년 경기도JW그룹자회사 사업구조 전체탑기사서브탑헤드라인섹션단신약업닷컴 홈  전체기사  전체단독 설화수 이니스프리 라네즈 헤라 4중 추락 양상세계에서 가장 가치 있는 화장품 브랜드 선정 코스메틱스 50 보고서 분석이종운 기자 | newsyakupcokr     기자가 쓴 다른기사 보기기사보기댓글보기 0기사입력 20200716 1420     최종수정 20200716 1428  글로벌 시장에서 가장 가치가 높다고 판단되는 화장품 브랜드 50개를 매년 선정하는 연례 컨설팅 보고서에서 K뷰티 리딩 브랜드로 알려진 설화수와 이니스프리는 가파른 하락세를 보이는 동시에 라네즈와 헤라는 상위 50위권에서 이탈하는 4중 추락 양상이 드러났다영국에 본사를 둔 글로벌 브랜드 컨설팅회사인 브랜드파이낸스가 매년 발표하는 코스메틱스 50 보고서의 최근 3년간 자료를 분석한 결과로 K뷰티를 대표하는 4개 브랜드의 글로벌 경쟁력 추락이 뚜렷한 반면 J뷰티와 중국 로컬 브랜드의 동반 약진이 나타나고 있다일례로 J뷰티의 리딩 브랜드인 시세이도는 2020년 순위에서 전년 대비 2계단 상승한 7위에 중국 로컬 리딩 브랜드인 바이췌링Pechoin은 4계단 상승한 19위에 올랐다  바이췌링의 경우 2019년에 상위 50위권에 처음으로 진입한 이후 불과 1년 만에 10위권으로 진입했다K뷰티의 대표주자로 알려진 아모레퍼시픽그룹의 설화수는 2018년 29위 2019년 29위에 이어 2020년 순위에서는 36위로 7계단 하락했다  마찬가지로 아모레퍼시픽그룹 산하 이니스프리 브랜드도 2018년 31위 2019년 32위에 이어 2020년에는 40위로 8계단 하락했다라네즈는 지난 2018년 39위 2019년에는 44위로 5계단 하락하면서 상위 50위권 잔류 여부에 대한 불안한 신호가 감지된 바 있다  이와 같은 불안한 신호는 1년 후 상위 50위권 이탈이라는 결과로 나타났다 글로벌 브랜드 추진 전략에서 멀어진 헤라의 경우 지난 2018년 순위에서 48위라는 성적을 보인 이후 2019년 상위 50위권에서 이탈했다  2020년 순위에서도 상위 50위권 재진입에 실패하면서 국내 로컬 브랜드로 자리매김하는 모양새다브랜드파이낸스 보고서는 기업이 보유하고 있는 브랜드 가치 측정에 있어 브랜드 가치전환 경로brand conversion funnel라는 모델과 연계해서 접근한다고 설명했다 여기서 말하는 브랜드 가치전환 경로는 특정 브랜드의 유무형적 가치가 실제 구매로 전환되는 데 있어 얼마만큼의 영향력을 행사하는지에 대해 단계별로 묘사하고 있다  예를 들면 경로 초기에서는 인지awareness 단계로 출발하고 그 이후 구매 반복이라는 충성loyalty 단계로 귀결된다업계 관계자는 이 세상에는 헤아릴 수 없는 뷰티 브랜드들이 초기 단계의 인지와 최종 단계의 충성이라는 극과 극의 간격에서 치열한 경쟁을 펼치고 있다며 이러한 경쟁구도에서 볼 때 K뷰티 대표 브랜드는 글로벌 시장에서 점점 더 그 존재감이 희미해져 가고 있다고 평가했다공감 3     비공감 0프린트하기 메일보내기 스크랩하기 목록보기        오늘의 헤드라인JW그룹자회사 사업구조 개편핵심역량 시너한미약품그룹 송영숙 회장 자랑스러운한미지플러스생명과학 예비 유니콘기업 선정한림제약 개량신약 스타펜 임상3상 SCI급아이엔테라퓨틱스포스텍 KIURI 연구단공동2020 결산 렘데시비르부터 모더나까지코파마재니스텍 홍성창 대표 대한민국 특허대코로나19 확진 1062사망 11누적 47515동아제약 6회 연속 소비자중심경영CCM 인비만세포증 표적 최초 정밀의학 치료제 나오나독자의견쓰기   운영원칙보기0500자명예훼손 개인정보 유출 인격권 침해 허위사실 유포 등은 이용약관 및 관련법률에 의해 제재를 받을 수 있습니다 건전한 댓글문화 정착을 위해 이용에 주의를 부탁드립니다댓글 0개   숨기기독자의견댓글을 달아주세요뉴스홈으로    이전페이지로    맨위로이시각 헤드라인 기사JW그룹자회사 사업구조 개편핵심역량 시너한미약품그룹 송영숙 회장 자랑스러운한미지플러스생명과학 예비 유니콘기업 선정인기기사    댓글달린기사    공감기사셀트리온코로나19 신속진단 항원키트 덱사메타손 다발골수종 넘어 경막하  리제네론 코로나 항체 123상 NEJM 비타민 미네랄 제제 1일 최대 증량소지플러스생명과학 예비 유니콘기업 선정미국특허청툴젠 vs UC버클리브로드연2020 결산 렘데시비르부터 모더나까지비만세포증 표적 최초 정밀의학 치료제 GC녹십자엠에스코로나19 항원진단키트 권덕철 원장 보건산업진흥원장 퇴임한국제약산업 100년의 주역59 천병년 우정바이오대표이사  제55회  2019년도 천병년 우정바이오 대표이사는 신약개발 전사람들키트루다 비근침윤성 방광암서 게임 체인저 될 것비근침습성 방광암NonMuscle Invasive Bladder C실시간 댓글수년 전에 MBC에서 약 같지도 않다고 하그리고 헴리브라는 정맥주사가 아니라 디알젬 날아간드아2021 국가신약개발사업 출범에 앞서 열2021 국가신약개발사업 출범에 앞서 열오피니언사설 믿고 안심할 수 있는 백신 접의약정보2020년 12월 감염질환 진단과 치료 박윤수  스페셜리포트 김윤원  인터뷰 신의철  약물작용원리 방준석  부작용사례 대처법 김유리  약품정보 허은정약업북몰    신간안내2020년판 한국제약바이오기업총람2020년판 한국제약바이오기업총람은 상장코스닥코스팜플러스 정재훈의 알아두면 쓸데있는 신비한 74 약의 이름 이야기 73 자몽주스감기약  72 비듬약 이야기 71 코로나19 시대의   심창구 교수의 약창춘추313 약사 직능의 진화 312 최근의 주례사 311 어색한 표현들 310 팩트체크2 자  이선희 미국변호사의 기술특허 길라잡이5 Covid19 코로나  4 제네릭 ANDA 소송 3 특허침해소송의 게 2 Stelara와 항체   방준석 교수의 약업혁신27 100세 시대의 고 26 100세 시대를 준 25 고령화 시대를 준 24 고령화는 암울한   클래시그널CLASSI그널안현정의 컬쳐 포커스윤성은의 뮤직 in CINEMA박선민의 공연예술 글회사소개광고안내구독신청기사제보뉴스제공안내사이트맵고객센터약업닷컴 Familyenglish Yakup뉴트라덱스뷰티누리의약정보회원약관저작권 정책개인정보처리방침청소년보호정책이메일주소 무단수집 거부Copyright Yakupcom All rights reserved 
https://shindonga.donga.com/BestClick/3/all/13/2173872/1,로그인회원가입독자라운지보이스 뉴스PDFRSS스포츠동아VODA스튜디오비즈N우먼동아정치경제사회국제문화라이프정보과학스포츠피플칼럼아모레퍼시픽 콧대 높은 헤라도 카톡으로 파는 까닭기업언박싱 전사적 디지털화 체질 개선 승부수김건희 객원기자 kkh4792dongacom입력20200908 100001댓글 쓰기읽기 설정인쇄2분기 전체 매출 25 하락온라인 매출 80 증가뷰티 크리에이터 출연 라이브 방송 완판 행진카톡 전용상품 출시 네이버쿠팡아마존과 협업6월 24일 인기 뷰티 크리에이터 레오제이오른쪽가 네이버 셀렉티브 채널에서 라이브 방송으로 아모레퍼시픽 뷰티 브랜드 라네즈의 네오 쿠션 특징을 설명하고 있다 네이버 라이브 방송 캡처아모레퍼시픽 뷰티 브랜드 라네즈는 6월 24일 네이버 셀렉티브 채널에서 인기 뷰티 크리에이터 레오제이와 함께 신상품 네오 쿠션을 판매해 큰 주목을 받았다 이 화장품은 묽은 파운데이션이 들어 있는 스펀지를 퍼프로 찍어 피부에 두드려 바르는 상품이다 물량 2000개가 완판됐다 방송 시작 1시간 만이었다 겨우 2000개라고 생각할 수도 있겠지만 신종 코로나바이러스 감염증코로나19 여파로 화장품 업황이 부진한 상황에서 이 같은 판매고를 올리기란 쉽지 않은 일이다 한국 화장품 업계 큰손 아모레퍼시픽이 디지털에 익숙한 MZ세대밀레니얼 세대Z세대 소비자와 연결고리를 마련해 호감을 샀다는 평가가 나온다실적 부진에도 온라인 매출 증가 왜코로나19로 타격을 받은 화장품 기업 중 하나가 아모레퍼시픽이다 2016년부터 중국의 사드고고도미사일방어체계THAAD 보복 조치에 이어 코로나19 사태 등 악재가 겹친 데다 중소형 화장품 브랜드가 늘어나면서 국내 화장품 시장이 격랑 속으로 빠져들었기 때문이다 유튜브SNS소셜네트워크서비스 등을 통해 제품을 홍보하고 온라인으로 유통하는 중소형 브랜드가 급증하면서 아모레퍼시픽의 입지가 흔들릴 수 있다는 비관적 전망마저 나온다 악재가 겹친 아모레퍼시픽의 올해 실적은 부진하다 2분기 매출액1조1808억 원과 영업이익362억 원은 전년 동기 대비 각각 25 67 하락했다 코로나19 영향으로 국내외 화장품 시장이 위축된 가운데 백화점 로드숍 등 오프라인 채널 매출이 하락하며 영업이익이 감소한 것이다 특히 10대부터 30대까지 젊은 층을 겨냥한 로드숍 브랜드 이니스프리는 2분기 매출액 1000억 원대가 무너지며 적자 전환10억 원했다 하늘이 무너져도 솟아날 구멍은 있는 법 실적 부진에도 온라인 매출은 지난해 같은 기간에 비해 80 늘었다 서경배 아모레퍼시픽그룹 회장은 1월 신년사에서 온오프라인 경계를 뛰어넘는 옴니채널로 소비자와 소통하는 기업만이 생존한다 디지털 대전환의 시대를 선도하자며 대대적인 전사적 디지털화를 주문했다 증권업계는 아모레퍼시픽이 채널과 브랜드 구조조정을 잘 진행하다면 코로나19 완화 시점에 큰 폭의 레버리지 개선이 가능할 것이라는 전망까지 내놓고 있다 조미진 NH투자증권 연구원은 코로나19로 인해 채널 패러다임이 급변하는 가운데 경영 전략을 변경하고 있다는 점과 디지털 채널에서 고성장이 나타나고 있다는 점이 긍정적이라고 평가했다라이브 방송 활용해 제품브랜드 홍보침체된 화장품 업계에서 아모레퍼시픽은 어떤 전략으로 온라인 매출을 끌어올렸을까 아모레퍼시픽이 온라인 매출을 올리기 위해 내놓은 전략 중 눈에 띄는 것은 라이브 커머스를 통한 라방라이브 방송이다 라이브 커머스는 실시간 동영상 스트리밍을 통해 상품을 홍보하고 판매하는 온라인 채널을 가리킨다 온라인을 통한 홈쇼핑 방송으로 이해하면 된다 이제 라이브 커머스 같은 온라인 판매를 통해 활로를 모색하는 것은 선택이 아니라 필수인 시대가 됐다 코로나19 확산으로 사람들이 외출을 자제하고 온라인 구매가 늘어나는 소비 패턴 변화를 반영해 마케팅 수단도 온라인 중심으로 바뀌는 것이다 아모레퍼시픽은 11번가와 손을 잡고 라이브 방송과 프로모션을 연계해 라이브 커머스를 매달 선보이고 있다 4월과 5월에는 프리미엄 브랜드 아이오페와 헤라 라이브 방송을 진행했다 그 결과 거래액이 평소보다 각각 20배 5배 급증했다 무너짐 없는 커버 유지력 초경량 무게 예쁜 디자인 등 이 제품의 강점을 유명 메이크업 아티스트 안성희 신민수의 입을 빌려 설명한 것이 주효했다 7월에는 블랙핑크 제니 파운데이션으로 알려진 헤라의 베스트셀러 블랙 파운데이션 블랙 쿠션 등을 활용한 메이크업 팁에 대해 방송을 진행했다 메이크업 아티스트들이 출연해 메이크업 팁은 물론 블랙 파운데이션을 효과적으로 사용하는 법 피부 타입별 사용법 등을 알려줬다 방송을 본 소비자들은 쿠션으로 메이크업을 완성하는 모습을 보니 사용해보고 싶다며 상품을 주문했다 실시간 댓글에는 왜 진즉 이런 방송을 하지 않았느냐는 반응도 올라왔다 11번가와의 라이브 방송으로 재미를 본 아모레퍼시픽은 라네즈의 네오 쿠션 판매 라이브 방송도 했다가 대박이 났다 방송을 본 소비자를 중심으로 SNS소셜네트워크서비스와 커뮤니티에서 입소문이 퍼져 상품 출시 한 달 만에 판매량이 4만 개10억 원 상당를 돌파한 것이다 김자인 아모레퍼시픽 홍보팀 대리는 젊은 소비자들이 라이브 방송에서 브랜드 정보를 확인하거나 뷰티 크리에이터들의 추천을 통해 제품을 구매하는 경우가 점점 많아지고 있다며 앞으로 라이브 방송 영향력이 더욱 확대될 것으로 보여 이와 관련된 라이브 커머스에 대한 투자를 확대할 것이라고 밝혔다온라인 채널 입점전용 제품 출시카카오톡 선물하기에 입점한 아모레퍼시픽 뷰티 브랜드 헤라 제품들 카카오톡 선물보내기 캡처아모레퍼시픽이 MZ세대가 주로 이용하는 패션 플랫폼 무신사와 손잡은 이유도 여기에 있다 두 회사는 8월 6일 APM 뷰티패션 합자조합을 결성했다 무신사는 무진장 신발 사진이 많은 곳이라는 뜻으로 1020세대 비율이 전체 회원의 80에 달한다 두 기업은 100억 원 규모의 기금을 조성해 MZ세대를 겨냥한 뷰티패션 분야 유망 스타트업을 육성하고 MCN다중채널네트워크 기업 디지털 커머스 등에도 투자할 계획이다 MCN은 유튜버 등을 육성하고 함께 콘텐츠를 기획개발하는 기획사다 최근 인기 유튜버가 점점 많아지자 아모레퍼시픽과 무신사도 이 분야에 투자하기로 했다 아모레퍼시픽은 온라인 판매 채널 입점에도 적극적이다 젊은 소비자와 접점을 최대한 늘리기 위해서다 헤라 등의 브랜드는 카카오가 운영하는 카카오톡 선물하기에 5월 입점한 상태다 대학내일 20대연구소에 따르면 MZ세대의 907가 카카오톡 선물하기 서비스인 기프티콘을 이용해본 경험이 있다 이외에도 쿠팡과 협업해 실용주의 라이프 스타일 브랜드 이너프 프로젝트를 출범했다 이 프로젝트는 아모레퍼시픽이 연초 사업계획으로 언급한 디지털 집중 모델 중 하나로 모든 제품은 채식주의자를 배려한 비건 프렌들리 제품이다 네이버와는 온오프라인 유통 분야에서 협업하고 브랜드를 개발하는 내용의 협약을 맺었다 해외 온라인몰 진출에도 박차를 가하고 있다 아모레퍼시픽은 인도 유통업체 나이카와 손잡고 대표 브랜드인 설화수를 인도 온라인 채널에 판매하기 시작했다 미국 아마존에 아모레퍼시픽 마몽드 등 2개 브랜드를 입점시키기도 했다AR 활용한 비대면 체험매장롯데백화점 청량리점에 문을 연 아모레 스토어는 증강현실AR을 활용한 비대면 체험매장이다 동아DB증강현실AR을 활용한 비대면 체험 매장도 눈에 띈다 아모레퍼시픽은 최근 롯데백화점 청량리점 1층에 비대면 체험매장 아모레 스토어를 열었다 비대면 무인 화장 체험 공간과 상담 서비스를 제공하는 장소를 합친 콘셉트로 이목을 끌었다 그 덕분에 겉으로만 보면 다른 화장품 매장과 별반 차이가 없지만 매장 안에 들어서면 상반된 풍경이 연출된다 언택트 존에서는 직원 도움 없이 방문객이 제품을 자유롭게 체험한다 화장한 모습도 AR 메이크업 키오스크를 통해 간단히 확인할 수 있다 반면 카운셀링 존에 들어가 자리에 앉으면 직원이 고객을 맞이한다 고객 피부와 메이크업 스타일을 분석한 후 추천 제품을 가져오면 상담사가 1대 1로 설명해준다 고객이 원하면 메이크업 아티스트가 화장도 직접 도와준다 김자인 대리는 젊은 고객을 겨냥하기 위해 언택트 위주로 매장을 구성하고 있다 하지만 백화점을 이용하는 주 고객층은 중장년층이 많다 이들은 고객 응대 서비스에 익숙하고 비대면 서비스와 언택트 매장을 부담스러워한다 두 고객층 수요를 모두 확보하기 위해 고민하다가 언택트 존과 카운셀링 존을 결합한 복합 매장을 떠올리게 됐다고 설명했다신동아 2020년 9월호김건희 객원기자 kkh4792dongacom202012오피니언 리더를 위한시사월간지 분석 정보교양 재미의 보물창고목차보기많이 본 기사신동아주간동아여성동아1문재인은 반동적 노무현은 역동적2나꼼수 분열은 대깨문과 소깨문 싸움3권력 중독된 운동권의 이재명윤석열 제거하기4미국에서 가장 비밀스러운 기업 팔란티어Palantir5부동산정책 뿌리는 농촌공동체 꿈꾸던 주사파지면보기 서비스는 유료 서비스입니다요금안내이용안내이용내역연재4차 산업혁명과 미래곽재식의 괴물여지도이 사람윤채근 SF 소설샌프란시스코 통신Topics정치피플국제스포츠경제문화라이프사회정보과학칼럼기자페이지최영철정현상송홍근배수강송화선고재석박세준김우정신동아 라이브러리신동아사람들지면보기독자게시판기사제보구독신청광고안내동아닷컴회사소개광고인터넷 전광판제휴안내이용약관개인정보처리방침청소년보호정책신동아구독신청광고안내주간동아여성동아Copyright by dongAcom All rights reserved 서울특별시 서대문구 충정로 29 | 등록번호 서울아0074 | 등록일자 20090116 | 발행편집인 박원재
https://www.mk.co.kr/news/business/view/2020/05/507875/,구독신청로그인회원가입뉴스오피니언프리미엄연예스포츠증권부동산경제기업사회국제부동산증권정치IT과학문화기획연재Special Edition인기뉴스암호화폐오늘의 매경내 피부에 맞는 제니 화장법은 11번가 헤라와 손잡고 라이브방송 첫선배윤경 기자입력  20200518 1657240사진 제공  11번가11번가가 아모레퍼시픽의 뷰티 브랜드 헤라HERA와 손잡고 올 한 해 동안 뷰티 라이브방송을 매달 선보인다11번가는 18일 오후 7시에 자사 프로모션 페이지에서 헤라 라이브방송을 실시한다고 밝혔다첫 방송은 아이돌 블랙핑크 제니의 파운데이션으로 알려진 헤라의 베스트셀러 블랙 파운데이션과 블랙 쿠션을 활용한 메이크업을 소개한다 메이크업 아티스트 안성희 씨와 신민수 씨가 전하는 메이크업 팁을 비롯해 블랙 파운데이션을 효과적으로 사용하는 법 피부 타입별 사용법 등을 전한다 메이크업 아티스트가 피부 타입별 메이크업을 동시에 시연하는 더블 메이크업 쇼도 열린다광고11번가는 방송에 소개된 블랙 파운데이션과 블랙 쿠션을 오는 24일까지 정가 대비 15 할인해 각각 51000원과 4만6750원에 판매한다 구매자 선착순 1000명에게는 신세계 상품권 메이크업 픽서 셀에센스 마스크 등으로 구성된 4만원 상당의 사은품을 선물하며 라이브방송 중 상품을 구매하면 SK페이 포인트를 2000포인트도 적립해준다 또한 방송 중 주문번호를 인증한 20명에게는 블랙 파운데이션과 블랙 스트랩 등으로 구성된 블랙 러버스 세트를 증정한다11번가와 헤라는 올 한 해 동안 매달 라이브방송을 열고 헤라가 제안하는 그 달의 대표 메이크업 룩과 메이크업 팁을 소개한다 사전 설문조사를 통해 메이크업에 대한 궁금증이나 고민을 전문가가 방송에서 답해주고 관련 상품을 할인된 가격에 구매할 수 있다11번가는 올해 들어 메이크업 아티스트 조성아 뷰티 브랜드 에뛰드 아이오페 등 다양한 인플루언서 또는 브랜드사와의 협업으로 라이브방송 콘텐츠를 늘리고 있다김명식 11번가 라이프뷰티 담당은 올해 들어 다양한 뷰티 라이브방송을 시도하며 노하우를 쌓아온 결과 이커머스 업체 최초로 헤라와 단독 라이브방송 프로모션을 선보이게 됐다며 올 한 해 헤라와의 협업을 통해 매달 새로운 콘텐츠를 접목한 톡톡 튀는 라이브방송 프로모션을 마련할 것이라고 말했다디지털뉴스국 배윤경 기자 매일경제  mkcokr 무단전재 및 재배포 금지11번가헤라오늘의 핫뉴스한 달 만에 또 나온 부동산 규제에 벌써부터   2시간 39분3단계 되기전 머리 깎자미용실 웃지못할 호황   22분영상 정의선이 인수한 로봇개 어떤 모습첫 시연   6시간 19분정직 2개월 운명 내주 판단22일 집행정지 심문   1시간 43분당신이 좋아할 만한 기사댓글시선집중12월 반드시 주목해야될 Best 종목2000 에스앤에스텍을 능가할 단돈 2천원대 종목12월 이 코스피 Bio종목 주목하세요2000 알테오젠 능가할 바이오주주요뉴스한 달 만에 또 나온 부동산 규제에 벌써부터3단계 되기전 머리 깎자미용실 웃지못할 억대 체납 세금 피하려고 위장이혼한 부부결영상 정의선이 인수한 로봇개 어떤 모습정직 2개월 운명 내주 판단22일 집행정인기뉴스종합 연예 스포츠1한 달 만에 또 나온 튀면 때리는 식 규제에 벌써부터 2전 세계 여행객 중 한국인 입국 1순위로 결정한 나라3화이자 1만6천원 모더나 2만4천원한국 확보한 아스트4중국과 일촉즉발 인도 4조원 들여 전투기 구매전쟁날5단독 인권위 박원순 성희롱 사건 직권조사 마무리가장 많이 공유된 기사871동남아 한류에 위기감그463구글의 한 AI 엔지니어가 던진 439종합 이낙연 측근 수사과정서 387어르신 챙긴 봉사자 덕에충남 극360 징계위 앞두고  검찰 무소269단독스물스물 텃세인가 역차별260정부 코로나19 무료 접종 대상204변창흠 꼼수 석사장교 논란151공짜 밥 주는 곳이잖아요벤149강소기업 부강테크 하수처리장포토15뉴스경제기업사회국제부동산증권정치IT과학문화기획연재Special Edition영문뉴스중문뉴스일문뉴스오피니언사설기명칼럼사외칼럼매경포럼매경데스크주말칼럼특별칼럼전문기자칼럼기자24시스포츠야구축구당구일반연예주요뉴스스타인터뷰TV  방송가요  음악영화해외연예라이프날씨골프여행Book우버사이트LUXURY M프리미엄매경e신문매경프리미엄레이더M레이더P오늘의 매경캠페인세계지식포럼국민보고대회세계한상대회정진기언론문화상재테크증권부동산금융경제용어해외DB매거진매경ECONOMY매경LUXMEN시티라이프골프포위민비즈니스닛케이텔레콤MK액티브시니어신설법인창업한국데이터거래소교육오프라인교육어린이경제교실매경TEST서비스구독신청MK모바일신문PDF트위터페이스북RSS뉴스레터매일경제회사소개회사연혁광고안내구독신청인재채용매경닷컴회사소개광고안내개인정보처리방침회원약관독자의견서비스문의청소년보호정책 책임자  이선형 고성준서울특별시 중구 퇴계로 190 02 20002114인터넷신문등록번호  서울 아01043등록일자  20091130발행일  20091130발행인편집인  최용성사이트맵Copyright c 매경닷컴 All rights reserved RSS매경 Family site매일경제매경닷컴MBN매경ECONOMYLuxmen시티라이프MPrint
http://www.futurekorea.co.kr/news/articleView.html?idxno=142128,임시동북아워치임시이미지Image임시메인2014추모사ON VIDEO동영상칼럼인터뷰리뷰서평신간빅데이터분석미래인사이트UPDATED 20201218 1700 금로그인회원가입모바일웹 전체커버스토리정치사회북한통일경제국제안보문화컬처미래인터뷰지방자치산업기획역사교육지식라이트뉴스기사검색검색HOME 빅데이터분석헤라 순위 유지하면서 평판 반등 없어 2020년 10월 비누 브랜드평판 4위김예지 미래한국 기자승인 20201028 1038댓글 0기사공유하기프린트메일보내기글씨키우기헤라가 지난 9월 대비 평판지수 하락했지만 순위 유지하며 비누 브랜드평판 4위를 지켜냈다 한국기업평판연구소소장 구창환는 비누 브랜드 25개에 대해 2020년 9월 22일부터 2020년 10월 22일까지의 비누 브랜드 빅데이터 7211130개를 분석하여 소비자들의 브랜드 습관과 평판을 분석한 결과 헤라가 4위를 차지했다고 밝혔다구창환 한국기업평판연구소장은 브랜드에 대한 평판은 브랜드에 대한 소비자들의 활동 빅데이터를 참여가치 소통가치 소셜가치 시장가치 재무가치로 나누게 되며 비누 브랜드평판지수는 참여지수 소통지수 커뮤니티지수로 분석하였다며 지난 9월 비누 브랜드 빅데이터 8470082개와 비교하면 1486 줄어들었다고 설명했다이어 구 소장은 브랜드평판지수는 소비자들의 온라인 습관이 브랜드 소비에 큰 영향을 끼친다는 것을 찾아내서 브랜드 빅데이터 분석을 통해 만들어진 지표로 브랜드에 대한 긍부정 평가 미디어 관심도 소비자의 참여와 소통량 소셜에서의 대화량으로 측정되며 비누 브랜드평가지표에는 신제품런칭센터의 브랜드에 대한 채널 평가도 포함되었다고 덧붙였다 4위 헤라 비누 브랜드는 참여지수 192423   소통지수   275940   커뮤니티지수    107763이 되면서 브랜드평판지수   576126으로 분석되었다 지난 9월 브랜드평판지수 796333과 비교하면 2765  하락했다구 소장은 헤라 브랜드는 3위의 소통지수를 얻었지만 나머지 평판세부지수에서는 하위권의 성적을 얻어 5위 해피바스와의 평판지수 격차가 좁혀졌다고 설명했다아모레퍼시픽은 2006년 6월 1일에 주아모레퍼시픽그룹 주태평양을 인적분할하여 설립되었으며 2006년 6월 29일 유가증권시장에 주식을 상장했다 아모레퍼시픽은 화장품의 제조 및 판매 생활용품의 제조 및 판매 식품녹차류 건강기능식품 포함의 제조 가공 및 판매사업을 영위하고 있다 사업부문은 크게 화장품 사업부문과 DBDaily Beauty 사업부문으로 구분됨한편 한국기업평판연구소가 분석한 2020년 10월 비누 브랜드평판 1위부터 20위까지의 순위는 도브 러쉬 아이보리 헤라 해피바스 다이알 무궁화 동구밭 온더바디 시드물 럭스 네스티단테  라노아 빅토리아 두보레 뱅네프생토노레 라벨영 바이오티크 라이스데이 맘미라클 순으로 나타났다본 기사는 시사주간지 미래한국의 고유 콘텐츠입니다외부게재시 개인은 출처와 링크를 밝혀주시고 언론사는 전문게재의 경우 본사와 협의 바랍니다저작권자  미래한국 Weekly 무단전재 및 재배포 금지트윗하기김예지 미래한국 기자다른기사 보기댓글 0댓글입력최신순추천순최신기사시몬스 침대 150주년 기념 최대 20 세일이상종의 목리연 성공코칭  행동하고 초연하기이규환의 경영칼럼  다양성 인정 역량중기부 지원사업 덕에 위기 넘었죠 창업 1년차 맹지수 대표의 성공스토리 공개모어벨라 레몬효소 예약판매 프로모션 진행게이즈 방탄소년단 캐릭터 타이니탄 활용한 패션 마스크액세서리 출시포라이프 아동학대 예방 위해 따뜻한 기부 나서인기기사1오산 롯데캐슬 스카이파크 오산 역대 최다 청약 접수 기록2트바로티 김호중 모델 베리넛데이 홈앤쇼핑 9일 방송 진행3한국전력공사 에너지 스타트업 42곳 지원그린뉴딜과 디지털전환을 이끌어낸다4광화시대 프로젝트 개막 8종의 실감콘텐츠로 재미와 감동 선사5국내 최초 신재생센터 도입으로 탄소 없는 제주에 한 발짝 다가선다63호선 연장 원안 추진으로 교산 감일지구 주목 아클라우드 감일 공급7수입농산물 운송용역 입찰담합 12개 사업자 제재 과징금 54억 4900만원 부과8뮤직브로mubro BMP 2020 스타브랜드 음원플랫폼 부문 대상 받아9제주국제자유도시개발센터 체계적인 고객 전화상담 서비스 인정 받았다품질경영시스템ISO9001 획득10나주 왕곡변전소에 국내 최초 개방형 T플랫폼 준공된다신문사소개 1만인 클럽 게시판 기사제보 광고문의 불편신고 개인정보취급방침 청소년보호정책 이메일무단수집거부 RSS경기도 용인시 기흥구 용구대로 2563 3층대표전화  0312762563팩스  0312727182청소년보호책임자  강시영명칭  미래한국미디어제호  미래한국 Weekly등록번호  경기 아 50561등록일  20121223발행인  김범수 | 편집인  강시영미래한국 Weekly 모든 콘텐츠영상기사 사진는 저작권법의 보호를 받은바 무단 전재와 복사 배포 등을 금합니다Copyright  2020 미래한국 Weekly All rights reserved mail to webmasterfuturekoreacokr
http://www.futurekorea.co.kr/news/articleView.html?idxno=142605,임시동북아워치임시이미지Image임시메인2014추모사ON VIDEO동영상칼럼인터뷰리뷰서평신간빅데이터분석미래인사이트UPDATED 20201218 1700 금로그인회원가입모바일웹 전체커버스토리정치사회북한통일경제국제안보문화컬처미래인터뷰지방자치산업기획역사교육지식라이트뉴스기사검색검색HOME 빅데이터분석헤라 평판지수 상승세 보이며 순위 상승 2020년 10월 로션 브랜드평판 4위심하연 미래한국 기자승인 20201105 1349댓글 0기사공유하기프린트메일보내기글씨키우기헤라 로션이 지난 9월에 이어 상승한 브랜드평판지수를 보이며 10월 로션 브랜드평판에서 두 계단 순위 상승하며 4위로 올라섰다한국기업평판연구소소장 구창환는 29일 소비자에게 사랑받는 로션 브랜드 30개에 대해 2020년 9월 29일부터 2020년 10월 29일까지의 로션 브랜드 빅데이터 8559736개를 분석하여 소비자들의 브랜드 습관과 평판을 분석한 결과 헤라 로션이 4위를 차지했다고 밝혔다구창환 한국기업평판연구소장은 브랜드에 대한 평판은 브랜드에 대한 소비자들의 활동 빅데이터를 참여가치 소통가치 소셜가치 시장가치 재무가치로 나누게 되며 로션 브랜드평판지수는 참여지수 소통지수 커뮤니티지수로 분석하였다며 지난 9월 로션 브랜드 빅데이터 6605254개와 비교하면 2959 증가했다고 설명했다4위 헤라 로션 브랜드는 참여지수 27371 소통지수 302718 커뮤니티지수 221742가 되면서 브랜드평판지수 551831이 되었다 지난 9월 브랜드평판지수 391351과 비교하면 4101 상승했다구 소장은 헤라 브랜드는 우수한 소통지수와 커뮤니티지수를 획득하며 순위 상승을 이끌었다며 다만 참여지수는 타 세부지수에 비해 아쉬운 점수를 획득했다고 덧붙였다한편 한국기업평판연구소가 분석한 2020년 10월 향수 브랜드평판 1위부터 20위까지 순위는 세타필 피지오겔 제로이드 헤라 닥터지 설화수 니베아 아이오페 바이오더마 에스트라 오휘 비오템 크리니크 꽃을든남자 우르오스 아벤느 라네즈 시슬리 랩시리즈 마몽드 순으로 나타났다본 기사는 시사주간지 미래한국의 고유 콘텐츠입니다외부게재시 개인은 출처와 링크를 밝혀주시고 언론사는 전문게재의 경우 본사와 협의 바랍니다저작권자  미래한국 Weekly 무단전재 및 재배포 금지트윗하기심하연 미래한국 기자다른기사 보기댓글 0댓글입력최신순추천순최신기사시몬스 침대 150주년 기념 최대 20 세일이상종의 목리연 성공코칭  행동하고 초연하기이규환의 경영칼럼  다양성 인정 역량중기부 지원사업 덕에 위기 넘었죠 창업 1년차 맹지수 대표의 성공스토리 공개모어벨라 레몬효소 예약판매 프로모션 진행게이즈 방탄소년단 캐릭터 타이니탄 활용한 패션 마스크액세서리 출시포라이프 아동학대 예방 위해 따뜻한 기부 나서인기기사1오산 롯데캐슬 스카이파크 오산 역대 최다 청약 접수 기록2트바로티 김호중 모델 베리넛데이 홈앤쇼핑 9일 방송 진행3한국전력공사 에너지 스타트업 42곳 지원그린뉴딜과 디지털전환을 이끌어낸다4광화시대 프로젝트 개막 8종의 실감콘텐츠로 재미와 감동 선사5국내 최초 신재생센터 도입으로 탄소 없는 제주에 한 발짝 다가선다63호선 연장 원안 추진으로 교산 감일지구 주목 아클라우드 감일 공급7수입농산물 운송용역 입찰담합 12개 사업자 제재 과징금 54억 4900만원 부과8뮤직브로mubro BMP 2020 스타브랜드 음원플랫폼 부문 대상 받아9제주국제자유도시개발센터 체계적인 고객 전화상담 서비스 인정 받았다품질경영시스템ISO9001 획득10나주 왕곡변전소에 국내 최초 개방형 T플랫폼 준공된다신문사소개 1만인 클럽 게시판 기사제보 광고문의 불편신고 개인정보취급방침 청소년보호정책 이메일무단수집거부 RSS경기도 용인시 기흥구 용구대로 2563 3층대표전화  0312762563팩스  0312727182청소년보호책임자  강시영명칭  미래한국미디어제호  미래한국 Weekly등록번호  경기 아 50561등록일  20121223발행인  김범수 | 편집인  강시영미래한국 Weekly 모든 콘텐츠영상기사 사진는 저작권법의 보호를 받은바 무단 전재와 복사 배포 등을 금합니다Copyright  2020 미래한국 Weekly All rights reserved mail to webmasterfuturekoreacokr
http://www.beautynury.com/m/news/view/89191,뉴스파운데이션 헤라 립스틱 맥 6월 브랜드평판 1위한국기업평판연구소 조사 결과 글로벌 브랜드 강세 여전양혜인 기자 lhiyangbeautynurycom20200624 093000확대축소헤라와 맥이 파운데이션과 립스틱 브랜드평판에서 각각 1위를 차지했다한국기업평판연구소가 지난 5월 23일부터 6월 23일까지 파운데이션 브랜드의 빅데이터 619만 6787개에 대한 평판조사를 진행한 결과 헤라 에스티로더 입생로랑 등이 상위권에 올랐다25개 파운데이션 브랜드를 대상으로 한 이번 조사 결과 헤라 에스티로더 입생로랑 바비브라운 나스 랑콤 에스쁘아 조르지오아르마니 VDL 등이 10위권에 이름을 올렸다이어 설화수 한율 바닐라코 아이오페 더페이스샵 클리오 투쿨포스쿨 지방시 크리스챤디올 조성아22 비디비치 정샘물뷰티 엘로엘 미바 네이크업페이스 등의 순이었다헤라는 참여지수 10만 8934 소통지수 32만 6615 커뮤니티지수 24만 40 등으로 브랜드평판지수 67만 5589를 기록하며 1위를 유지했다에스티로더와 입생로랑은 각각 브랜드평판지수 55만 5170 52만 6547을 기록하며 23위에 자리잡았다지난 5월 16일부터 6월 16일까지 립스틱 브랜드의 빅데이터 1526만 3855개에 대한 평판조사 결과에서는 맥 샤넬 입생로랑 등 글로벌 브랜드의 강세가 두드러졌다30개 립스틱 브랜드를 대상으로 한 이번 조사 결과 맥 샤넬 입생로랑 디올 에르메스 헤라 구찌 나스 랑콤 슈에무라 등이 10위권에 이름을 올렸다3CE 클리오 페리페라 바비브라운 에스티로더 지방시 에스쁘아 롬앤 무디매처 톰포드 등이 1120위권에 올랐고 라네즈 루나 조르지오아르마니 에뛰드 웨이크메이크 겔랑 삐아 레브론 아이오페 마몽드 등이 뒤를 이었다맥은 참여지수 72만 6520 소통지수 42만 3968 커뮤니티지수 52만 4735로 브랜드평판지수 167만 5222를 기록하며 1위에 등극했다샤넬과 입생로랑은 각각 브랜드평판지수 159만 9947 148만 5064를 기록하며 23위에 올랐다저작권자 뷰티누리 무단전재재배포 금지독자의견쓰기   운영원칙보기0500자명예훼손 개인정보 유출 인격권 침해 허위사실 유포 등은 이용약관 및 관련법률에 의해 제재를 받을 수 있습니다 건전한 댓글문화 정착을 위해 이용에 주의를 부탁드립니다댓글 0개   숨기기독자의견댓글을 달아주세요많이 본 기사1단독아모레퍼시픽 중국 에뛰드 가품 소송 승소2중국 지재권 강화 아모레 등 잇단 승소3중국 마스크 메이크업 새로운 키워드 아이메이크업 돌풍4청정 담은 제주 맞춤형 화장품 새로운 제주 성장 동력 될 것5KEY NOTES for MANAGEMENT 2020년 12월 발표6제주도 맞춤형 화장품 사업 닻을 올렸다7팬톤이 선정발표한 2021년 올해의 색상은8바이어스도르프 니베아 포장재 재생 PP로 전환9CITES에 감송향 합개 등 추가 사진정보 등 제공10올 3분기 대기업 평균보수 임원이 직원보다 47배 높아이전페이지맨위로로그인 PC버전 페이스북 약업신문Copyright  Beautynurycom CoLtd All right reserved
http://m.newspim.com/news/view/20200617000251,뉴스핌전체메뉴검색주요뉴스이슈탐사랭킹뉴스포토영상엔터홈주요뉴스산업제니 쿠션 헤라 블랙 시리즈 등 글로우픽 어워드서 7관왕기사등록 20200617 1033가 가 페이스북트위터주소복사약 37만건 소비자 리뷰 분석 결과호평 제품 7개서울뉴스핌 구혜린 기자  아모레퍼시픽 럭셔리 뷰티 브랜드 헤라가 화장품 순위 및 사용기 전문 플랫폼 글로우픽이 진행한 2020년 상반기 뷰티 어워드에서 총 7관왕을 수상했다특히 헤라의 블랙 파운데이션과 블랙 쿠션 블랙 쿠션 퍼프가 위너최고등급을 수상하며 3관왕을 차지했다 유스 액티베이팅 셀 세럼과 글로우 래스팅 파운데이션 센슈얼 스파이시 누드 글로스 센슈얼 스파이시 누드 밤은 루키등급 4관왕을 차지했다사진아모레퍼시픽 20200617 hrgu90newspimcom소비자 사용기 351만건전체 누적이 넘는 글로우픽에서 하나의 브랜드 제품들이 7관왕을 달성하는 것은 이례적이다 이는 2020년 상반기 6개월 동안 등록된 약 37만건의 소비자 리뷰를 분석한 결과다  위너를 수상한 블랙 파운데이션은 고밀착 액체형 파운데이션이다 매일 마스크를 착용해야 하는 요즘 묻어나지 않고 오랜 시간 지속돼 사용 후기가 늘어났다 블랙 쿠션도 기존 쿠션에서 만날 수 없었던 지속력과 밀착 커버력으로 결점 없는 피부를 연출한다는 평가다루키를 수상한 센슈얼 스파이시 누드 밤  글로스는 자연스러우면서도 오감을 자극하는 색상들로 고객들의 눈길을 끌었다 출시 초기 7개 색상이 품절됐으며 카카오톡 선물하기에서도 뷰티 카테고리 1위를 달성한 바 있다hrgu90newspimcom해외주식투자의 도우미 GAM 스티븐스 바이오제약사 베리셀 비중확대 의견 첫 제시 로스캐피탈 2021년 태양광 3총사 중 선노바가 최고 1218 중국증시종합 상하이 지수 029 주간 143 모간스탠리 소프트웨어 파이브나인 비중확대 추천 중국홍콩주식  전기차 양극재 호황 속 동반성장 낙양 몰리브덴뉴스핌라씨로 AI매매신호AI매매신호매수82 매도77진흥기업누적수익233522번 매매진흥기업2우B누적수익225820번 매매알루코누적수익217619번 매매JW중외제약2우B누적수익212523번 매매에이프로젠제약누적수익210528번 매매아모레퍼시픽  헤라  뷰티베스트셀러저작권자 글로벌리더의 지름길 종합뉴스통신사 뉴스핌Newspim 무단 전재재배포 금지통신플러스안다뉴스월간안다안다쇼핑로그인PC버전제보Copyright  뉴스핌 All rights reservedTOP으로 이동
http://www.iconsumer.or.kr/news/articleView.html?idxno=11044,최종편집  20201218 금 1800모바일 바로가기로그인회원가입naver posttwitterfacebook전체인사이트비즈니스라이프기업인칼럼기사검색상단여백HOME 인사이트 2020트렌드브랜드 타겟을 확대해 나가는 헤라신제품 글로우 래스팅 파운데이션 광고를 통해 유스마케팅 전략을 펼치는 헤라최윤정 기자승인 20200212 1048댓글 0글씨키우기글씨줄이기메일보내기인쇄하기페이스북트위터구글카카오스토리헤라 브랜드 모델 블랙핑크 제니  헤라 공식 유튜브 글로우 래스팅 파운데이션 광고 30초버전지난해 1월 헤라는 브랜드 타겟을 확대하기 위해 블랙핑크 제니를 새로운 얼굴로 내세웠다 블랙핑크 제니를 브랜드 모델로 영입하며 기존 브랜드 모델이던 배우 전지현과 함께 투탑 체제로 전환한 것이다 이는 성장 정체기를 맞은 헤라가 위기를 극복하기 위해 1020 세대로 브랜드 타겟을 확대하고자 실행한 방법이었다헤라는 적극적으로 아름다움을 표현하는 당당하고 매력 넘치는 세련된 여성의 아이콘이자 한국 여성의 아름다움과 가치를 세계 속으로 전파하는 서울리스타를 뮤즈로 삼은 뷰티 브랜드이다 현재 화장품 시장은 이러한 헤라 외에도 다양한 뷰티 브랜드의 출현으로 경쟁이 심화 되고 있다 특히 헤라는 타 경쟁 브랜드들에 비해 성장 정체기라는 평가를 받고 있다헤라가 성장 정체기라는 위기를 극복하기 위해 고안한 방법은 바로 블랙핑크 제니를 새로운 브랜드 모델로 영입하는 것이었다 블랙핑크 제니는 명품 브랜드 샤넬의 모델로 발탁될 만큼 고급스럽고 세련된 이미지의 아이돌이다 헤라가 추구하는 고급스럽고 세련된 도시적인 이미지를 갖추고 있으면서 1020 세대에게 인지도가 높은 아이돌 제니를 브랜드 모델로 발탁한 것은 브랜드 이미지를 놓치지 않으면서 타겟 연령층을 확대하고자 하는 유스마케팅 전략이었다  헤라 글로우 래스팅 파운데이션 광고 모델 블랙핑크 제니 배우 이주영 모델 최소라  헤라 공식 유튜브 글로우 래스팅 파운데이션 광고 60초버전이러한 헤라의 유스마케팅 전략은 최근 새로 공개된 영상광고에서 더욱 잘 드러난다 해당 영상광고는 신제품 글로우 래스팅 파운데이션을 출시하며 공개한 것으로 브랜드 모델인 제니 뿐 아니라 배우 이주영 모델 최소라가 함께 등장한다 광고에 등장하는 인물 모두 20대로 헤라가 추구하는 당당하고 세련된 서울 여성 이미지를 갖추고 있다 그렇기에 새로운 타겟층인 20대 여성들에게 헤라 고유의 브랜드 이미지를 헤치지 않으면서 트렌디하고 영한 이미지를 전달할 수 있었다헤라의 유스마케팅 전략이 담긴 이번 신제품 광고는 공개 5일 만에 30초 버전과 1분 버전 모두 각각 조회 수 30만 회와 40만 회를 돌파하며 화제를 끌었다 헤라 공식 유튜브 계정 영상들이 평균 조회 수 12천 회 안팎임을 고려했을 때 상당한 수이다 댓글 반응 또한 긍정적이다 배경이 서울인 것도 좋고 모델들도 구매욕 솟구치게 함 제니 헤라 모델 된 이후로 헤라 브랜드 이미지 완전 트렌디하고 영해짐 이번 광고에는 이주영 배우님이랑 최소라 모델 분도 포스 장난 아님 등 광고 모델 조합을 칭찬하며 구매 욕구가 드러난 댓글들이 달리고 있다이런 긍정적인 반응들이 신제품 판매율에 직접적인 영향을 줄지는 아직 미지수이지만 현재 대중들의 반응을 살펴보면 헤라의 유스마케팅 전략이 성공적으로 진행되고 있는 듯하다 그동안 헤라의 주 타겟층은 30대 여성들이었지만 타 브래드들에 비해 성장 정체기라는 평가를 받고 있기에 전환 포인트가 필요했다 이번 신제품 글로우 래스팅 파운데이션 광고가 그 전환점이 될 수 있을지 귀추가 주목된다최윤정 기자  cyjcyj9782gmailcom저작권자  소비자평가 무단 전재 및 재배포 금지헤라글로우래스팅파운데이션유튜브광고영상광고브랜드모델블랙핑크제니유스마케팅이주영최소라102020브랜드타겟전환메일보내기인쇄하기트윗하기최윤정 기자의 다른기사 보기icon인기기사예스24 북클럽왓챠 전자책동영상 스트리밍 서비스 결합 이용권 출시좀 쉽게 뗄 수 없나요 분리배출 가로막는 페트병 라벨사랑에 빠진 게 죄는 아니잖아 2020년 최고의 인기 드라마 부부의 세계박영선 우버 이어 에어비앤비도프로토콜 경제 스며드는 중종합2021년 외식 트렌드는개인과 방역을 강조한 이것예스24 북클럽왓챠 전자책동영상 스트리밍 서비스 결합 이용권 출시기사 댓글 0개전체보기0300등록첫번째 댓글을 남겨주세요여백오늘의 주요뉴스라이프오뚜기 더욱 진한 방앗간 들기름 출시라이프CJ제일제당 과일발효초 미초 편의형 출시203라이프퍼시스 사회취약계층 위한 연탄 25만장 기부라이프숏패딩을 할인가에이랜드 스파오 2020 블랙세여백실시간 인기뉴스01예스24 북클럽왓챠 전자책동영상 스트리밍 서비스 결합 이용권 출시02좀 쉽게 뗄 수 없나요 분리배출 가로막는 페트병 라벨03사랑에 빠진 게 죄는 아니잖아 2020년 최고의 인기 드라마 부부의 세계04박영선 우버 이어 에어비앤비도프로토콜 경제 스며드는 중종합052021년 외식 트렌드는개인과 방역을 강조한 이것062020년을 리셋하고 싶다코로나 세대 잃어버린 1년07코로나 풍경ON택트로 택트 나누는 기업들08베일 벗은 기대작 사이버펑크2077명작 호평 vs 버그 오명09쏘카 광폭행보은행카드항공 이어 네이버페이와 손잡았다10글라스락 10년 연속 현재세계일류상품 선정밀폐용기 최초여백여백신문사소개기사제보광고문의불편신고개인정보취급방침청소년보호정책이메일무단수집거부인터넷신문윤리강령서울 마포구 마포대로 49 5층도화동 성우빌딩  |  사업자등록번호  1058775035  |  통신판매업신고  제2012서울마포1006호등록번호  서울 아 03745  |  등록일자  2015년 5월 20일  |  발행일자  2012년 5월 15일발행편집인  김길환  |  편집장  김유나  |  인증팀  정길선  |  청소년보호책임자  문지준Copyright  2020 소비자평가 All rights reserved   mailto  jebo5677gmailcom   |  대표번호  027155677
http://www.jangup.com/news/articleView.html?idxno=78616,전체기사뉴스코스메틱포커스사람과소식트렌드커뮤니티공지사항UPDATED 20201218 1237 금로그인회원가입모바일웹구독신청전체기사뒤로뒤로 전체뉴스종합기관월드미용코스메틱포커스사람과소식트렌드커뮤니티공지사항검색버튼HOME 뉴스 종합MZ세대 쿠션 대표브랜드 헤라 클리오 떠올려윤경선승인 20200414 0920댓글 0기사공유하기프린트메일보내기글씨키우기베이스 메이크업 시 평균 36개 제품 사용해최근 대학내일20대연구소는 MZ세대 여성을 대상으로 베이스 메이크업 제품 사용 및 구매 행태와 관련 인식을 조사한 데이터를 공개했다 이에 신종 코로나바이러스 감염증코로나19 사태가 사회 전반뿐만 아니라 항상 빠르게 변화하는 뷰티 시장에도 일부 영향이 있는 것으로 분석됐다MZ세대에 파운데이션하면 가장 먼저 떠오르는 브랜드로 에스티로더225가 1위였으며 그다음은 헤라101 더페이스샵fmgt73 클리오55 에스쁘아49와 랑콤49 순으로 높았다 쿠션 파운데이션에서는 클리오254와 헤라250가 근소한 차이를 보이며 가장 먼저 떠오르는 브랜드로 나타났다 그다음은 아이오페93 입생로랑38 미샤28 순으로 높았다특히 쿠션 파운데이션에서 세대별 1위 브랜드가 달랐는데 밀레니얼 세대 1위는 헤라320 Z세대 1위는 클리오395로 나타났다 전반적으로 밀레니얼 세대와 Z세대 간 떠올리는 브랜드 순위에 차이가 나타나고 있는 점도 주목해야 할 부분이다 최초상기도TOM Top of Mind 상위 10개 브랜드의 분포를 보면 밀레니얼 세대는 주로 해외 뷰티 브랜드를 Z세대는 국내 뷰티 브랜드를 더 많이 떠올리는 경향이 나타났다베이스 메이크업을 할 때 주로 사용하는 제품의 개수는 평균 36개로 나타났으며 3개248를 사용한다는 응답이 가장 많았다 주로 사용하는 제품복수응답은 자외선차단제629이고 뒤이어 쿠션 파운데이션549 파운데이션451 컨실러381 쉐이딩컨투어링323 순으로 나타났다베이스 메이크업 제품 사용 빈도를 물었을 때 매일 사용하는 제품은 자외선차단제가 583로 가장 높았고 쿠션 파운데이션은 388로 파운데이션333보다 높게 나타났다 쿠션 파운데이션은 수정 화장 시 가장 많이 활용하는 제품729이었으며 외출 전 집에서 주로 사용하는 제품으로도 쿠션 파운데이션486이 파운데이션448보다 높게 나타나 현재 MZ세대는 리퀴드 스틱 무스 등 일반 파운데이션보다 쿠션 파운데이션을 더 자주 활용하는 모습을 보여주고 있다최근 마스크를 매일 착용한다는 응답이 801로 나타나는 가운데 마스크 착용 이후 메이크업 빈도에 변화가 있는지 물었다 MZ세대 전체 중 740가 메이크업을 덜 하거나 거의 하지 않아 감소했다고 응답했으며 늘었다는 응답은 29에 불과했다마스크 착용 이후 메이크업을 덜 하게 된 이유로 마스크에 화장이 묻어나는 게 비위생적이어서가 623로 대부분을 차지했으며 그다음은 마스크로 가려지지 않는 필요한 부위만 화장해서166 트러블이 나서 피부를 쉬게 하려고108 순으로 나타났다마스크 착용 시 피부는 톤업크림이나 자외선차단제까지만 하는 경우가 335로 가장 많았고 아이 메이크업은 하지 않고 눈썹만 자연스럽게243 표현하는 방법을 주로 하는 것으로 나타났다 마스크 착용으로 인해 메이크업을 전혀 하지 않거나 필요한 부분만 선택적으로 하려는 점을 확인할 수 있다이번 조사는 일주일에 한 번 이상 베이스 메이크업을 하는 전국 만 15세 이상 34세 이하 여성 900명 표본을 대상으로 2020년 3월 11일부터 16일까지 6일간 구조화된 설문지를 활용한 온라인 패널 조사 방법으로 실시하였으며 데이터스프링이 운영하는 한국 패널 서비스 패널나우의 패널을 이용했다저작권자  장업신문 무단전재 및 재배포 금지윤경선다른기사 보기댓글 0댓글입력최신순추천순인기기사1이노코스텍 강한 경쟁력으로 제2의 도약 시동2유스 래스팅 리얼 아이크림 포 페이스 런칭3에바끌레르 몬테밀라노와 MOU체결 콜라보 제품 출시4그레이스인터내셔날 국내 뷰티 어워드 누적 46관왕 수상5컬러테일러 수베니어샵 컬렉션6아모레퍼시픽재단 2020년 장원 인문학자 선정7바나나리퍼블릭 아이콘 프래그런스 프리미어 컬렉션 런칭8디폰데 GS홈쇼핑서 단독 론칭9유랑URANG 브랜드 론칭 4주년 기념 프로모션10썸머스이브 페미닌 워시 글로우픽 2020 어워드 위너 수상최신기사에바끌레르 키즈모델 남이강 발탁에바끌레르 키즈모델 남이강 발탁토니모리 제시 생일 축하 선물 쇼킹박스 전달토니모리 제시 생일 축하 선물 쇼킹박스 전달듀이트리X뷰티 크리에이터 김결 기부마켓듀이트리X뷰티 크리에이터 김결 기부마켓파머시 허니 포션 최초 방송 진행파머시 허니 포션 최초 방송 진행네이처리퍼블릭 2020 네리 베스트 어워즈네이처리퍼블릭 2020 네리 베스트 어워즈A24에이이십사 피부 비상시즌 위한 신제품 5종A24에이이십사 피부 비상시즌 위한 신제품 5종오드리앤영 아이 라이크 시카 바이옴 세럼 와디즈 선론칭오드리앤영 아이 라이크 시카 바이옴 세럼 와디즈 선론칭신문사소개 기사제보 광고문의 불편신고 개인정보취급방침 청소년보호정책 이메일무단수집거부 RSS서울시 영등포구 버드나루로 18길 5대표전화  0226365727청소년보호책임자  이상우명칭  장업신문제호  장업신문등록번호  서울 아 00173등록일  20060213발행일  19941020발행인  이관치편집인  이상우장업신문 모든 콘텐츠영상기사 사진는 저작권법의 보호를 받은바 무단 전재와 복사 배포 등을 금합니다Copyright  2020 장업신문 All rights reserved mail to jangupjangupcom
https://www.hankyung.com/economy/article/2018092673891,전체메뉴경제오피니언경제정치사회증권부동산국제자동차IT과학생활문화골프스포츠연예검색헤라 옴므설화수 맨 등 인기 5년간 국내 남성 화장품 시장 1위입력20180926 1500 수정20180926 1543 지면C5클린뷰생활경제레저아모레퍼시픽자신의 외모를 가꾸는 데 시간과 공을 들이는 남성들인 그루밍족이 진화를 거듭하고 있다 아내와 여자친구가 사다주는 화장품에 만족하던 남성들이 스스로 자신에게 맞는 제품을 능동적으로 찾아 나서고 있는 것 이에 따라 국내 남성 화장품 시장의 전체 규모는 1조원을 넘어섰다 남성들의 피부 고민이 세분화되면서 스킨 로션 중심의 제품들이 남성 전용 기능성 제품으로 확대되고 있다 아모레퍼시픽은 5년간 남성 화장품 시장에서 1위를 지키고 있다스테디셀러 헤라 옴므 설화수 맨헤라 옴므 수퍼 브라이트닝 플루이드는 칙칙하고 탄력 잃은 피부로 고민인 남성들에게 추천한다 미백 주름 개선 기능성 제품으로 칙칙하고 지친 남성 피부에 잘 맞는다 펜타파워 콤플렉스TM이 함유돼 있어 피부에 강한 에너지를 제공한다 아킬레아 추출물이 피부 턴오버를 촉진하고 각질 케어를 도와 피부 톤업 효과를 낸다관련기사가볍고 착한 소재에 복고풍 디자인 올 가을 아웃도어 너로 정했어노스페이스 인공충전재 적용 보온 재킷 선보여 1도 안되는 구스 다운도 등장세련된 모노톤에 포인트만 더했다 골프웨어 브랜드 왁 디자인 와우설화수 맨 본윤에센스는 탄력을 잃고 주름진 피부로 고민인 남성들에게 적합한 제품이다 노화로 인해 주름이 생기고 탄력이 떨어진 남성 피부에 자생력을 강화시키는 안티에이징 에센스다 핵심 성분인 정양단은 3000가지 한방 성분 중 남성 피부에 좋은 5가지 순수 한국산 원료를 엄선 음양오행 이론에 따라 완성했다 인삼 추출물은 남성의 피부 활력을 회복시켜 준다 세안 후 첫 단계에서 사용하는 워터젤 타입의 에센스인 이 제품에는 맥문동 추출물이 함유돼 에센스 하나만으로도 깊고 풍부한 촉촉함을 선사한다가을철 피부를 위한 수분 지키기라네즈 옴므의 액티브 워터 모이스처라이저는 평상시에도 갓 샤워하고 나온 듯한 수분감 넘치는 건강한 피부를 유지하기 원하는 남성들에게 적당하다 아연과 해양심층수가 함유된 액티브 워터 플러스를 함유해 피부에 에너지를 공급하고 수분을 충전해준다 라네즈 옴므만의 강력한 수분 케어 기술인 안티 드라이니스TM 기술이 이중 구조의 보습 성분으로 피부 수분을 채운다잦은 면도 등으로 수분이 손실되고 스트레스로 인해 칙칙해진 피부가 고민이라면 프리메라 맨 워터리 크림을 골라볼 만하다 남성 피부에 수분 공급 보습 성분 생성 보습막 형성을 촉진해 3단계 수분 전달 효과를 제공하는 산뜻한 제형의 남성 맞춤용 수분 크림이다 프리메라 맨 워터리 플루이드는 남성의 피부 속부터 수분을 채우고 피부 활력은 더해줘 촉촉한 생기 피부를 선사하는 플루이드다 수분 솔루션인 워터 포스TM을 담았다모공과 피지 케어 올인원이니스프리 포레스트포맨 오일컨트롤 올인원 에센스는 번들거리는 피부와 도드라지는 모공이 고민인 남성과 잦은 자극으로 피부에 진정이 필요한 남성에게 잘 맞는 제품이다 유분 피지 모공 피부결 피부 스트레스를 한번에 케어해주는 오일 프리 올인원 에센스다 피톤치드 컨트롤 이펙터TM이 모공 속 노폐물을 3단계로 흡착분리제거해 번들거리는 피부를 보송하게 하고 프랑스 알프스산맥에서 채취한 그린 클레이에서 고압 추출한 미네랄 성분이 깨끗하고 매끈한 피부결로 가꿔준다 이 제품에 함유된 피톤치드 콤플렉스는 제주 곶자왈에서 유래된 것으로 이 제품을 구매하면 판매 수익금의 일부가 곶자왈 생태계 보존에 사용된다김보라 기자 destinybrhankyungcom아모레퍼시픽 헤라 옴므 설화수 윤 섹션 Leisure모바일한경 구독신청 지면 구독신청 한경닷컴 무단전재 및 재배포 금지김보라 기자기자의 인기글KAIST라면 할 수 있다수백억씩 줄잇는 통큰 기부김재철 동원그룹 명예회장 한국의 미래 AI 혁명에 달렸다1500개 넘은 스타벅스코로나에도 3D 출점 전략 통했다핫이슈12이전다음채림 결혼 6년 만에 이혼이혼 사유가자해 황하나 4억 마이바흐 내놔 vs A씨 명품 훔쳐가이슈2021 경제정책방향 민간임대 권장폐지혜택오락가락 부동산정책 못 믿겠다2021 경기금융시장 대예측 백신 보급 속도가 경기회복 좌우한다전기료 연료비 연동제 시행 2022년엔 전기료 어떻게 될지 모른다는 정부코로나 3차 대유행 병상 대기자 잇단 사망에 경기도 책임 통감총력 쏟겠다POLL진행중  2020120920201222이르면 내년 2월부터 코로나 백신 접종맞으시겠습니까이르면 내년 2월 국내에서도 신종 코로나바이러스 감염증코로나19 백신 접종이 가능해집니다 박능후 보건복지부 장관은 지난 8일 선구매 계약 등을 통해 코로나19 백신 4400만 명분을 확보했다고 발표했습니다 백신은 내년 23월부터 단계적으로 국내에 도입되며 방역당국은 노인 등 취약계층과 의료인 등 필수서비스 인력부터 무료 접종하는 방안을 검토하고 있습니다 코로나19 백신 접종하시겠습니까투표하기파워링크광고등록하기발과 다리의 휴식이 필요할때httpssmartstorenavercomjac8282할인10000대 판매돌파1500여개의 진솔한 후기와 평점 47점의 만족스러운 상품초특가할인 에누리 가격비교httpwwwenuricom첫구매페이백해외직구특가조립PC에누리 찍고 구매시 83 추가할인 앱 구매시 e머니 추가적립 에누리가격비교실시간 인기기사1부메랑으로 돌아온 의 호주 때리기심각한 전력부족2코로나 대응 잘했다삼성 반도체 성과급 잔치 연봉의 463중국의 루이비통삼성 꿈꾸던 기업 줄부도좀비기업 청산4칼만 안 든 강도이낙연 발언에 뿔난 은행원들 정소람의 뱅크앤뱅커5국내 주식시장 고평가내년 조정장 올 것이 시각 관심정보 AD가장 많이 본 기사연일 호주 때리더니중국 심각한 상황삼성 반도체 성과급 잔치얼마나 받나 보니평창 스키장발 n차 감염 심상찮다초비상국내 주식시장 고평가내년 조정장 올 것루이비통  삼성 꿈꾸던 기업 줄부도이대로면 일본서  못만든다 도요타 반발식당도 배달만 직장인 점심대란 벌어질 것The pen지식인의 표상 그 외로움에 대하여에드워드 사이트는 그의 책인 지식인의 표상에서 지식인은 경계 밖으로 끊임없이 스스로를 추방하는 자라고 했다 그리고 지식인이 되려면 애국적 민주주의와 집단적 착 붙는 중국어 회화 명성이 자자하다 hh yumng 명성이 자자하다   A  A Zh b j dod sh shi pi de착 붙는 일본어 회화  원칙은 윗사람이 먼저입니다 겐소쿠와 우에노 히토가 사키데스 원칙은 윗사람이 먼저입니다   A  도치라오 사키니 쇼카이연예졸피뎀 밀반입 보아박봄과는 다르다단독 함은정 속아도 꿈결 주인공3년 만에 안방 복귀 종현 사망 3주기샤이니 늘 사랑합니다뉴스오피니언경제증권부동산정치사회국제자동차IT과학생활문화골프스포츠연예VIDEO랭킹뉴스이슈해외주식라운지뉴스레터POLL기자 코너보도자료엣지FARM한경스타워즈한경금리봇컨센서스가상화폐집코노미얼마집매물마당한경 매물거래속보부동산 칼럼아파트 찾기매물관리센터뉴스래빗The penThe pen 작가신청한경용어사전이벤트행사마이스 뉴스한국의 축제신문보기KED Global ENGKED Global KED Global WSJ보기한경멤버스구독신청 문의마켓인사이트한경 BIO Insight블루밍비트한국경제신문회사소개 모바일한경 구독신청 지면 구독신청 고충처리 광고안내 대표번호  023604114한경닷컴회사소개 제휴  콘텐츠구입 문의 광고안내 사이트맵이용약관 개인정보처리방침 청소년보호정책책임자  이상훈 대표번호  0232779900서울시 중구 청파로 463 한국경제신문사사업자번호  1048147984 통신판매번호  중구00606 인터넷신문등록번호  서울 아01035 등록발행일자  20091123 발행편집인  하영춘Copyright by 한경닷컴 co Ltd All rights reserved한국경제Family한국경제TV 한국경제매거진 Book 한경아카데미 텐아시아상단 바로가기
https://www.hankyung.com/finance/article/2019111064461,전체메뉴증권오피니언경제정치사회증권부동산국제자동차IT과학생활문화골프스포츠연예검색설화수헤라 앞세운 아모레퍼시픽내년도 기대입력20191110 1549 수정20191110 1549 지면B1클린뷰3분기 영업이익 40 급증면세 매출도 32 늘어저가 브랜드 수익성 개선은 과제3분기 실적시즌에 가장 화제가 됐던 종목 중 하나는 아모레퍼시픽이다 K뷰티 인기에 힘입어 폭발적인 성장세를 보였던 아모레퍼시픽은 2017년 2분기 영업이익 1703억원을 정점으로 4분기 연속 영업이익이 쪼그라들었다하지만 3분기에 아모레퍼시픽은 럭셔리 브랜드의 매출 증가 면세점 실적 회복으로 영업이익이 전년 동기 대비 40 이상 증가하면서 반등에 성공했다 3분기 내수 매출은 3425억원으로 6 감소한 반면 면세 매출은 4374억원으로 32 늘었다아모레퍼시픽은 앞으로 설화수 헤라 등 럭셔리 브랜드가 주가와 실적을 견인할 것이란 분석이 나온다 3분기 설화수 매출은 전년 동기 대비 25 늘었다 조미진 NH투자증권 연구위원은 중국 내 설화수 비중이 2020년에 25 2021년에는 30로 확대되면서 럭셔리 브랜드 중심으로 포트폴리오가 재편될 것으로 내다봤다관련기사13월의 월급 잘 받으려면청약저축개인형 퇴직연금 등 혜택 상품 가입해야5G 시대 LG유플러스 유망 CJ헬로 인수땐 유무선 시너지제약바이오 반등도 주목선데이토즈 디즈니 팝 타운이 실적개선 주도 등다만 저가 브랜드의 수익성 개선은 여전한 과제다 중국 화장품 시장의 고급화가 급격하게 진행되면서 이니스프리 등 저가 브랜드는 현지에서 고전을 면치 못하고 있다 아모레퍼시픽은 오프라인 매장 구조조정에 나서며 비용을 절감하려는 시도를 하고 있다 배송이 KTB투자증권 연구위원은 아모레퍼시픽은 중국 현지에 세일즈 파트너를 두는 방식으로 사업 모델을 확대할 계획이라며 채널 운용의 효율화가 기대된다고 밝혔다아모레퍼시픽은 깜짝 실적 발표 후 주가가 계속 오르고 있다 2분기와 3분기에 걸쳐 지속적으로 하락한 주가는 지난 8월 26일 12만500원을 기록하며 연중 최저가를 찍었다 9월부터 오름세를 보이더니 3분기 실적을 발표한 10월 31일엔 19만2000원에 장을 마쳤다 이후 11월 7일까지 651 올라 20만4500원을 나타냈다한경제 기자 hankyunghankyungcom아모레 섹션 Money모바일한경 구독신청 지면 구독신청 한경닷컴 무단전재 및 재배포 금지한경제 기자기자의 인기글삼바 지분만 23조삼성물산의 재발견상처난 주식 사들인 로빈후드성장 콕집어 담은 동학개미하이트진로 10년5개월만에 주가 4만원 돌파핫이슈12이전다음채림 결혼 6년 만에 이혼이혼 사유가자해 황하나 4억 마이바흐 내놔 vs A씨 명품 훔쳐가이슈2021 경제정책방향 민간임대 권장폐지혜택오락가락 부동산정책 못 믿겠다2021 경기금융시장 대예측 백신 보급 속도가 경기회복 좌우한다전기료 연료비 연동제 시행 2022년엔 전기료 어떻게 될지 모른다는 정부코로나 3차 대유행 병상 대기자 잇단 사망에 경기도 책임 통감총력 쏟겠다POLL진행중  2020120920201222이르면 내년 2월부터 코로나 백신 접종맞으시겠습니까이르면 내년 2월 국내에서도 신종 코로나바이러스 감염증코로나19 백신 접종이 가능해집니다 박능후 보건복지부 장관은 지난 8일 선구매 계약 등을 통해 코로나19 백신 4400만 명분을 확보했다고 발표했습니다 백신은 내년 23월부터 단계적으로 국내에 도입되며 방역당국은 노인 등 취약계층과 의료인 등 필수서비스 인력부터 무료 접종하는 방안을 검토하고 있습니다 코로나19 백신 접종하시겠습니까투표하기파워링크광고등록하기2초완성 패스트캠프 아이두젠httpssmartstorenavercomidoogen2초만에 뚝딱 원터치텐트 만족도1위 점유율1위 생활텐트 전문기업 패스트캠프텐트 제작 늑대판촉물httpwwwwolfgiftcokr판촉홍보 텐트 감동 답례품 단체 대량 주문 가격 품질 만족100실시간 인기기사1부메랑으로 돌아온 의 호주 때리기심각한 전력부족2코로나 대응 잘했다삼성 반도체 성과급 잔치 연봉의 463중국의 루이비통삼성 꿈꾸던 기업 줄부도좀비기업 청산4칼만 안 든 강도이낙연 발언에 뿔난 은행원들 정소람의 뱅크앤뱅커5국내 주식시장 고평가내년 조정장 올 것이 시각 관심정보 AD가장 많이 본 기사연일 호주 때리더니중국 심각한 상황삼성 반도체 성과급 잔치얼마나 받나 보니평창 스키장발 n차 감염 심상찮다초비상국내 주식시장 고평가내년 조정장 올 것루이비통  삼성 꿈꾸던 기업 줄부도이대로면 일본서  못만든다 도요타 반발식당도 배달만 직장인 점심대란 벌어질 것The pen지식인의 표상 그 외로움에 대하여에드워드 사이트는 그의 책인 지식인의 표상에서 지식인은 경계 밖으로 끊임없이 스스로를 추방하는 자라고 했다 그리고 지식인이 되려면 애국적 민주주의와 집단적 착 붙는 중국어 회화 명성이 자자하다 hh yumng 명성이 자자하다   A  A Zh b j dod sh shi pi de착 붙는 일본어 회화  원칙은 윗사람이 먼저입니다 겐소쿠와 우에노 히토가 사키데스 원칙은 윗사람이 먼저입니다   A  도치라오 사키니 쇼카이연예졸피뎀 밀반입 보아박봄과는 다르다단독 함은정 속아도 꿈결 주인공3년 만에 안방 복귀 종현 사망 3주기샤이니 늘 사랑합니다뉴스오피니언경제증권부동산정치사회국제자동차IT과학생활문화골프스포츠연예VIDEO랭킹뉴스이슈해외주식라운지뉴스레터POLL기자 코너보도자료엣지FARM한경스타워즈한경금리봇컨센서스가상화폐집코노미얼마집매물마당한경 매물거래속보부동산 칼럼아파트 찾기매물관리센터뉴스래빗The penThe pen 작가신청한경용어사전이벤트행사마이스 뉴스한국의 축제신문보기KED Global ENGKED Global KED Global WSJ보기한경멤버스구독신청 문의마켓인사이트한경 BIO Insight블루밍비트한국경제신문회사소개 모바일한경 구독신청 지면 구독신청 고충처리 광고안내 대표번호  023604114한경닷컴회사소개 제휴  콘텐츠구입 문의 광고안내 사이트맵이용약관 개인정보처리방침 청소년보호정책책임자  이상훈 대표번호  0232779900서울시 중구 청파로 463 한국경제신문사사업자번호  1048147984 통신판매번호  중구00606 인터넷신문등록번호  서울 아01035 등록발행일자  20091123 발행편집인  하영춘Copyright by 한경닷컴 co Ltd All rights reserved한국경제Family한국경제TV 한국경제매거진 Book 한경아카데미 텐아시아상단 바로가기
http://biz.newdaily.co.kr/site/data/html/2020/05/25/2020052500140.html,최신기사 정책 산업 부동산 IT전자 금융증권 유통 에너지화학 오피니언헤라 셀 에센스 바이옴 플러스 출시스킨 마이크로바이옴의 균형 저하 확인피부 자생력 증진 프로바이오틱스 영양성분에생체수 모사한 셀 바이오 플루이등 싱크 최적화패션뷰티김보라 기자입력 20200525 1350 | 수정 20200525 1414 헤라 셀 에센스 바이옴 플러스TM헤라헤라는 기능성 퍼스트 에센스 헤라 셀 에센스 바이옴 플러스TM HERA Cell Essense Biome Plus를 출시한다고 25일 밝혔다헤라는 유해 요소가 많은 도시와 상대적으로 청정한 지역에 거주하는 여성들의 피부를 비교 연구한 결과 피부 표면의 생물학적 환경인 스킨 마이크로바이옴의 균형이 도시 여성의 피부에서 상대적으로 저하돼 있음을 확인했다 이 연구를 바탕으로 피부 자생력 증진에 도움을 주는 프리바이오틱스 영양 성분과 우리 몸의 생체수를 모사한 셀 바이오 플루이드 싱크 20Cell Bio Fluid SyncTM 20 를 최적으로 배합해 헤라 셀 에센스 바이옴 플러스TM를 개발했다헤라 셀 에센스 바이옴 플러스는 풍부한 수분과 영양을 채워 건강한 광채 피부로 완성해 주며 인체 적용시험을 통해 피부 자생력을 비롯한 9가지 피부 건강 지표보습 피부톤 탄력 윤기 등를 개선하는 효능을 확인했다는게 회사측 주장이다6월부터 전국 백화점 및 면세점 헤라 매장 아모레 카운셀러 온라인 아모레퍼시픽몰 입점 온라인 몰에서 만나볼 수 있다 또 헤라 셀 에센스 바이옴 플러스 출시를 맞아 온라인몰 과 오프라인 시코르 매장 한정으로 헤라 유스 액티베이팅 셀 세럼을 함께 구성한 헤라 슈퍼 히어로 세트도 선보인다김보라 기자 bora6693newdailybizcokr기자의 다른 기사 보기보도자료 및 기사제보 pressnewdailycokr자유민주시장경제의 파수꾼  뉴데일리 newdailycokrCopyrights  2005 뉴데일리뉴스  무단전재 재배포 금지추천관련기사방금 보신 기사와 같이 읽으면 좋아요11Q 실적에 울고 웃은 식품업계 외형 확대에도 수익성은 뒷걸음쥬요 업체 매출 증가했지만 영업이익 감소 이어져2미샤 개똥쑥 에센스 출시 5개월 만에 20만개 판매 돌파3월 출시 이후 5개월 만3헤라 더 시그니처 퍼퓸드 바디 샤워 오일누드 로션 출시모던 그린 플로럴 향기를 담은 럭셔리 퍼퓸드 바디 컬렉션4하반기에도 에어프라이어 열풍 식품업계 줄줄이 전용 브랜드 론칭지난해부터 본격 확대된 에어프라이어 판매12생생헤드라인 뉴스이 시각 주요뉴스와 만나보세요크리스마스 D7에도 텅빈 거리 e커머스 경쟁 후끈작년 수출 대기업 부진에 최악 실적10대기업 무역비중 379346걷는 나는  정의선의 60 빅피처 시동최태원 회장 환경사회 위기 극복 ESG 중심 글로벌 협력 강화해야롯데그룹 막판 뒷심 시총 회복실적 우상향국책은행 내년 연봉 희비산은 04 인상 사실상 삭감변창흠 국토장관 내정자 서울도심에도 주택공급 늘려 전세난 해결뉴데일리 댓글 운영정책자동차현대차 터키 합작 생산법인 지분 인수 자회사 전환 추진한국지엠 정상화 불씨 살렸다 임단협 타결르포 로봇개 스팟 콩콩 뛰고 계단 오르기도 자유자재크리에이티비티아시아산림협력기구 건조지 복원 나선다 아시아 경관 파트너십 맺어SDGs FORUM 2020 코니 브람스 유니레버 CMO 코로나19 소LIVE SDGs포럼뉴노멀 시대의 브랜드 액티비즘 3일차 생중계금융산업현대차 터키 합작 생산법인 지분 인수 자회사 전환 추진한국지엠 정상화 불씨 살렸다 임단협 타결대한항공 국내 항공사 최초 소비자중심경영 인증 획득IT과학과기정통부 올해 통신자료통신사실자료 제공 감소스포티파이 내년 상반기 국내 진출멜론지니 경쟁 예고방통위 KBS 2TVSBS 3년 조건부 재허가오피니언취재수첩 포스코 신사업 수소 2 아쉽다취재수첩 이재용 증거 넘친다던 검찰 독선과 아집만 가득취재수첩 안전 포스코 흔들 1조 투자 노력 빛 바래기고헛다리 공공임대정책 이번에는 남의 다리 긁나취재수첩장관 김현미 vs 정치인 김현미김해신공항 선택은부동산르포봉담2지구 중흥S클래스3차  트리플학군1억이상 시세차익 기대HUG 2년 연속 공공기관 청렴도 우수등급 달성변창흠 국토장관 내정자 서울도심에도 주택공급 늘려 전세난 해결회사소개오시는 길인재채용제휴안내회원약관저작권안내이메일 무단수집거부개인정보처리방침청소년보호방침책임자 국승환광고문의보도자료  pressnewdailycokr기사제보제안마당법인명 뉴데일리주 | 주소100120 서울시 중구 남대문로 5가 120 단암빌딩 3층 | 등록번호 서울 아00115 | 등록일 2005년 11월 9일 | 발행인 인보길  편집인 이진광대표전화 0269197000 | 팩스 027022079 | 편집국 02691970537030 | 광고국 0269197008Copyright  Newdaily All rights reserved
https://biz.chosun.com/site/data/html_dir/2020/12/10/2020121002251.html?utm_source=urlcopy&utm_medium=share&utm_campaign=biz,조선미디어그룹로그인조선비즈 메뉴버튼산업부동산증권테크금융정책시사국제오피니언피플조선비즈 검색버튼산업기업아모레 디지털 전환 본격화 오프라인 유산 내려놓겠다조선비즈 김은영 기자기사 스크랩 이메일로 기사공유 기사 인쇄 글꼴 설정100자평0좋아요5페이스북 공유4트위터 공유카카오스토리 공유네이버블로그 공유기사 URL공유입력 20201210 1635 | 수정 20201210 1648내년 브랜드 강화디지털 전환효율화 전략 발표디지털 판매 집중 중국 이니스프리 매장 170개 폐점설화수라네즈 본부로 승격 핵심 브랜드로 육성올해는 코로나바이러스 감염증코로나19으로 개인과 기업 모두에게 혹독한 한해였습니다 하지만 반대로 그동안 우리가 변화했어야 했던 것 그리고 못 한 것을 결단하고 바꾸는 계기가 됐습니다신임 대표이사로 임명된 김승환 부사장은 지난 8일 애널리스트 대상 2021년 전략 간담회에서 변화의 의지를 강하게 밝혔다 아모레퍼시픽은 올해 코로나19 여파로 매출과 이익이 감소하면서 창사 이래 첫 희망퇴직을 실시하는 등 구조조정을 단행했다 내년에는 브랜드력 강화 디지털 전환 구조조정Restructuring을 통한 효율화 등을 골자로 변화를 시도한다아모레퍼시픽이 설화수와 라네즈를 본부로 승격해 핵심 브랜드로 육성한다아모레퍼시픽먼저 설화수와 라네즈를 독립된 본부유닛로 승격해 그룹의 핵심 브랜드로 육성한다 브랜드별로 전담 인력을 배치하고 브랜딩과 마케팅 채널 전략 등을 유기적으로 연계하도록 해 브랜드력을 견고히 할 방침이다설화수는 대표 제품인 자음생의 라인을 중심으로 고급 화장품의 대명사로 키우고 라네즈는 젊은 층을 위한 기능성 스킨케어 전문 브랜드로서 이미지를 강화한다 이를 위해 설화수 브랜드 유닛장에 임중식 상무를 라네즈 브랜드 유닛장에 정혜진 전무를 내정했다 이어 아이오페 마몽드 등도 본부로 승격할 계획이다브랜드력은 매출을 좌우하는 핵심 전략이다 실제 올해 중국에서 설화수 인지도 강화한 결과 광군제 기간 매출이 전년 대비 174 증가했다 설화수는 이 기간 화장품 판매 순위 7위에 올랐다 상위 10위에 오른 건 이번이 처음이다 이런 추세라면 내년에는 중국에서 설화수 비중이 이니스프리를 넘어서는 첫해가 될 거란 관측도 나온다그동안 소홀했던 디지털화에도 총력을 기울인다 내년 중국 이커머스 비중을 40에서 50으로 국내에선 20에서 30 이상 끌어올린다는 목표를 세웠다 이를 위해 라이브커머스실시간 방송 판매 등 주요 이커머스 플랫폼과 제휴를 지속하고 플랫폼별로 프로모션과 전용 제품 차별화 등 마케팅 투자를 강화할 계획이다이와 관련 김 대표는 오프라인 레거시유산를 내려놓겠다고 했다 그동안은 브랜드 이미지 관리 등을 이유로 온라인 채널에 소극적으로 대응해 왔지만 앞으로는 급증하는 온라인 판매 수요에 적극 대응할 방침이다 실제 올해 전 세계 화장품 판매가 15가량 줄어든 가운데 온라인 채널을 통한 판매는 33 성장했다신임 김승환51 대표는 오프라인 유산을 내려놓겠다며 그룹의 변화를 예고했다아모레퍼시픽선택과 집중을 통한 효율화도 주력한다 고정비 부담이 높은 로드숍을 줄이는 등 오프라인 점포 효율화를 추진한다 대표적으로 중국 이니스프리 매장을 현재 470개에서 300개로 줄일 계획이다 이미 올해도 141개점을 폐점한 바 있다 또 백화점 매장을 줄이고 아마존 세포라 D2C소비자 직거래 채널을 확대한다 올해 창사 이래 처음으로 실시한 희망퇴직 등에 따른 효율화도 이뤄질 전망이다면세 판매도 점진적인 회복이 기대된다 중국 면세시장은 국내 여행 중가와 중국 정부의 면세업 육성 정책 등으로 매출이 급증하고 있다 아모레퍼시픽은 중국 최대 면세 유통기업인 CDFG차이나듀티프리그룹과 전략적 파트너십을 추진하고 현지 점포에 설화수 팝업스토어임시 매장를 선보이는 등 현지 수요에 대응하고 있다아모레퍼시픽의 내년도 전략이 발표된 다음 날인 9일 아모레퍼시픽의 주가는 10 넘게 치솟아 21만7000원으로 마감했다 이 회사의 주가가 20만원을 넘은 것은 10개월여만이다 10일에도 21만원대를 유지 중이다 박은정 유안타증권 애널리스트는 2021년은 아모레퍼시픽 사업 구조 변화의 원년이 될 것이라며 중국은 고가 브랜드에 초첨을 둔 성장이 전사적으로는 이커머스 중심의 수요 증가가 기대된다고 평했다아모레퍼시픽은 2016년 매출 6조7000억원연결기준으로 정점을 찍은 후 중국 사드 보복과 디지털 가속화 등의 영향으로 매출이 떨어졌다 1조원을 넘었던 영업이익도 지난해 4000억원으로 쪼그라들었다 올해는 코로나19 여파로 상황이 더 어려워졌다 3분기 연결기준 매출 1조2086억원으로 지난해 같은 기간보다 23 줄었고 영업이익은 610억원으로 49 감소했다좋아요 5Copyright  조선비즈  Chosuncom제휴안내구독신청핫뉴스 BEST이대로면  못 만든다 정부에 반기든 도요타 왜단독 한미약품 대형제약사 중 첫 자체 3단계 대응 돌입진격의  절삭공구  제치고 세계 1위 노리는 이 회사단독광주형 일자리 광주글로벌모터스  온라인 판매주사 대신 코에 칙 코로나 치료 스프레이 경쟁당신이 좋아할만한 콘텐츠2020년 묻어두면 30배 오르는 상승주 는AD제이케이투자그룹주식계좌에 30만원 있으면 이것해라AD고수경제TV7년 안에 갚아라대출1억 지원 확정AD머니트리솔루션100억모으기 주식카페에 인증샷 올린 직장인34세 화제AD하우스탁Recommended by100자평0로그인을 하시면 댓글 등록을 하실 수 있습니다건전한 토론문화를 위하여 댓글 관리 규정에 반하는 댓글은 표시가 제한됩니다도움말삭제기준산업 주요뉴스계단 오르고 장애물 피하는 로봇 개 스팟 현대차 미래 모빌리티 발돋100일만에 10만개 대박 난 조선호텔 짜장면 밀키트 비결을 알아보니내년에도 대형 SUV가 대세국내 처음 선보일 수입차는제주항공 예비 승무원 두 번 울린 국토부 일자리 박람회조원태 한진그룹 회장 프랑스 외교공로 훈장 금장 수훈많이 본 뉴스1먹거나 맞는 대신 뿌린다 코로나19 치료 비강 스프레이 개발 경쟁2코로나 신규 확진자 1062명 일주일 일평균 확진자 900명대 넘어종합3중졸 뮤지션이 만든  토스트기 업체 주가수익률 파나소닉 넘어섰다4 도요타 회장 정부 석탄 정책에 반기  산업 붕괴 우려5계단 오르고 장애물 피하는 로봇 개 스팟 현대차 미래 모빌리티 발돋6내년에도 대형 SUV가 대세국내 처음 선보일 수입차는7100일만에 10만개 대박 난 조선호텔 짜장면 밀키트 비결을 알아보니8같은 단지 청약성적이 극과극 지방 59 홀대 이어져9곧 코스피 떨어진다 꿋꿋이 하락에 베팅하는 개미들10미스트롯2 첫방부터 터졌다 최고 시청률 302코로나 재확산 여파간호사관 생도들까지 방역전선 뛰어든다 77명 급파코로나 재확산 속 다가온 연말 대세는 안전한 홈파티코로나 때문에 배드민턴 국가대표 선발전 잠정 연기코로나 확진자 나온 대우조선해양 조선소 3일간 조업 정지구의역 사고 피해자가 신경썼어야 못 사는 사람이 미쳤다고 밥 사먹정부 연내 백신 계약완료 공수표 접종은 기약 없어미스트롯2 첫방부터 터졌다 최고 시청률 302이번엔 경기서 병상대기 중 사망 수도권 병상대란 현실화25단계 검토 또 거리두기 쪼개나 혼란 가중 지적 잇따라쌍용현대차 이어 한국지엠 올해 노사 임단협 최종 타결대형마트 앞지를 동네슈퍼 코로나로 식품소비 확 바뀌었다1년동안 월세 못받아  퇴거 유예에 임대인들 분통긴급재난지원금국제 유가라임사태조선비즈 창간 10주년오피니언금융그룹감독법 시행되면 공정경제 이뤄지나팀장칼럼금융그룹감독법 시행되면 공정경제 이뤄지나기자수첩배민 AI 상사 겪어 보니과학TALK몸에 이식한 인공유방 등 의료기기 정보 확인 가능해진다비즈톡톡월 50만원대에 올뉴아반떼 신차를 쏘카 대여 특가 프로모션주소  서울특별시 중구 세종대로21길 30 인터넷신문등록번호 서울 아01175 등록일자 2010년 3월 19일 발행인 주조선비즈 방준오 편집인 신효섭 청소년보호책임자 진교일Copyright 조선비즈 All rights reserved회사소개 인재채용 광고안내 사업문의 개인정보처리방침 독자참여및제보
http://www.mediasr.co.kr/news/articleView.html?idxno=64212,상단영역전체메뉴 버튼뉴스기획오피니언인터뷰인물라이프문화연예facebookrss모바일웹search본문영역현재위치 홈뉴스패션뷰티설화수 설화문화전 개최전통과 현대 교감 장 마련기자명길나영 기자 입력 20201209 1112 댓글 0바로가기복사하기본문 글씨 줄이기본문 글씨 키우기SNS 기사보내기페이스북으로 기사보내기트위터으로 기사보내기카카오스토리으로 기사보내기URL복사으로 기사보내기이메일으로 기사보내기다른 공유 찾기기사스크랩하기한국의 뛰어난 미디어아트 기술 접목해 선보일 계획사진아모레퍼시픽미디어SR 길나영 기자 아모레퍼시픽의 럭셔리 브랜드 설화수가 오는 11일 14번째 설화문화전 창 전통과 현대의 중첩을 개최한다고 9일 밝혔다설화수는 2006년부터 매년 한국 전통문화를 현대적으로 재해석해 다양한 세대 간의 소통과 공감을 이끌어내는 문화 소통의 장이자 메세나인 설화문화전을 진행하고 있다2020년 설화문화전 창 전통과 현대의 중첩은 도심 속의 창인 미디어 월을 매개로 전통과 현대를 이어 교감하고 소통할 수 있는 장을 마련한다 옛 선조들이 집에 앉아 창을 통해 수없이 변하는 풍경을 즐겼던 것처럼 한국적 아름다움을 한국의 뛰어난 미디어아트 기술을 접목해 선보일 계획이다이번 설화문화전은 기존의 오프라인 전시 형태에서 시공간의 제약을 뛰어넘는 온오프라인의 공공예술로 진화해 선보인다 이번 프로젝트는 보다 많은 이들의 문화 향유 와 국내 미디어 아트 산업 발전을 위해 서울문화재단과 함께 진행하였으며 공정한 심사를 거쳐 선정된 2개 팀에게 설화수에서 창작지원금을 후원하여 작품을 제작하였다제작된 작품은 오프라인의 경우 국내 최대 규모의 외벽 미디어인 삼성동 SM타운 코엑스 아티움과 인천국제공항 내 외벽 미디어에서 볼 수 있으며 온라인에서는 설화수 공식 유튜브와 홈페이지 인스타그램을 통해 만나볼 수 있다12월 11일부터 첫 모습을 선보일 2020 설화문화전 작품 Pivotal Tree당산나무는 혼란하고 불안한 현대사회의 안녕과 평안을 바라는 상징적 오브제로 오래된 생명력과 소통의 공간을 의미하는 당산나무를 현대적으로 재해석하여 제작했다 당산나무의 생동감 있는 변화와 인터랙티브 요소를 담은 스크린 속은 가상의 공간이지만 주변 실제 환경을 그대로 재현하며 마치 실제 나무가 실제 공간에 자리한 듯한 현실감과 함께 압도적인 크기로 놀라움을 선사할 예정이다 또한 별도의 사이트를 통해 고객이 원하는 메시지를 응모 받은 후 작품에 송출하여 고객과 함께 교감해 완성하는 작품으로서 의미를 더할 예정이다더 많은 고객들이 한국적 아름다움을 느끼고 향유할 수 있도록 새롭게 변모한 2020 설화문화전은 다가오는 2021년 1월 정중동 동중동이라는 새로운 미디어아트 작품을 선보이며 맥을 이어갈 계획이다관련기사아모레퍼시픽 인삼 유래 항노화 에센스 장영실상 수상아모레퍼시픽 공병 활용한 업사이클링 벤치 기부아모레퍼시픽 대한화장품학회 화장품 과학기술상 수상기업과 재단 아모레퍼시픽 편  취약계층 여성의 복지와 삶의 질 향상 앞장기업과 재단 아모레퍼시픽 편  한눈에 보는 아모레퍼시픽재단키워드아모레퍼시픽 설화수 문화소통 현대길나영 기자 gil93mediasrcokr다른기사 보기저작권자  미디어SR 무단전재 및 재배포 금지당신만 안 본 뉴스940회 로또 당첨번호 3 15 20 22 24 4111복권포털 로또리치 1등 배출 세계기록한전 4년간 에너지 스타트업 302개 육성해 600여개 일자리 창출위닉스 콜센터 상담사 상대로 부당 노동행위 논란금호리조트 예비입찰건설사 빠지고 리조트가 완주할까광주시 부동산 투기 꼼짝마김동관 한화솔루션 사장의 네트워크시니어가 살기에 최적의 집 안전이 최우선940회 로또 당첨번호 3 15 20 22 24 4111복권포털 로또리치 1등 배출 세계기록기사 댓글 0로그인 후 이용 가능합니다댓글 내용입력0  400주식 계좌 50만원 있으면 이것 해야해제이케이|Sponsored구취 염증 비싼 치과 대신 이것 후 좋아져브이나인|Sponsored연예인 명품피부 비결 20년 단백질연구된 이것CR5|Sponsored피부 관리 이것 해라 주름 쫙쫙 기미 꺠끗 뭐길래천수윤|Sponsored연32 정책자금대출 1억지원받을 신청자 모집중머니플러스|Sponsored당신의 IQ는 얼마입니까  국제 IQ 테스트internationaliqtestcom|Sponsored영어 왕초보 탈출 기회 첫달 500원뇌새김영어|Sponsored젝시믹스  155억 규모 수출 계약글로벌 시장 진출 본격화미디어SR용인 현대성우8차 리모델링포스코건설현대건설 공동시공 유력미디어SR주요기사국방기술품질원 전기연구원 6년 연속 장애인 고용의무 불이행LG에너지솔루션인도네시아 손잡고 배터리 영토 확장쏘카BNK금융그룹 금융모빌리티 혁신위한 공동 상품서비스 개발SK아이이테크놀로지 상장 예비심사 신청본격적인 상장 준비기존의 면은 잊어라삼양식품 수타면 재현한 찐수타육개장 출시새마을금고 착한 임대인 운동 지원 정기적금 출시최신뉴스국방기술품질원 전기연구원 6년 연속 장애인 고용의무 불이행LG에너지솔루션인도네시아 손잡고 배터리 영토 확장쏘카BNK금융그룹 금융모빌리티 혁신위한 공동 상품서비스 개발SK아이이테크놀로지 상장 예비심사 신청본격적인 상장 준비기존의 면은 잊어라삼양식품 수타면 재현한 찐수타육개장 출시포토뉴스포토 고위공직자범죄수사처장 후보추천위원회 제5차 회의인기뉴스1940회 로또 당첨번호 3 15 20 22 24 4111복권포털 로또리치 1등 배출 세계기록2한전 4년간 에너지 스타트업 302개 육성해 600여개 일자리 창출3위닉스 콜센터 상담사 상대로 부당 노동행위 논란4금호리조트 예비입찰건설사 빠지고 리조트가 완주할까5광주시 부동산 투기 꼼짝마6김동관 한화솔루션 사장의 네트워크7시니어가 살기에 최적의 집 안전이 최우선8배종찬의 빅데이터 추미애윤석열 빅데이터 진짜 승자는 누구인가하단영역하단메뉴회사소개기사제보광고문의이용약관개인정보처리방침청소년보호정책저작권보호정책이메일무단수집거부패밀리사이트매체정보법인명  주식회사 데일리임팩트제호  미디어SR등록번호  서울 아 02187등록연월일  20120710발행일  20120618사업자 등록번호  7748800676정기간행물 등록번호  영등포 라00676서울특별시 마포구 성암로 189 중소기업 DMC 타워 5층대표전화  0267133470대표자  전중연편집국장  김동원고문  이종재청소년보호책임자  이승균미디어SR 모든 콘텐츠영상기사 사진는 저작권법의 보호를 받은바 무단 전재와 복사 배포 등을 금합니다고충처리보도자료 수신처  pressmediasrcokrCopyright  2020 미디어SR All rights reserved
http://www.beautynury.com/m/news/view/91051,뉴스캄보디아 마스크팩 이니스프리메디힐 등 한국 제품 98 점유저가제품 선호도 높아 2019년 수입 크게 증가김태일 기자 lneobeautynurycom20201210 051000확대축소캄보디아 소비자들은 피부미용에 관심이 많고 연중 고온의 기후로 인하여 마스크 팩 사용량 꾸준한 증가 추세다특히 남자를 포함한 소비자들의 피부미용과 관리에 관심이 높아 큰 비용을 들이지 않고 구입 가능한 저렴한 제품에 대한 수요가 높다KOTRA 캄보디아 프놈펜무역관에 따르면 캄보디아는 날씨가 연중 고온 지속돼 피부를 진정시킬 수 있는 마스크 팩수딩젤썬블럭 등의 제품 수요가 높다일반 로드숍의 경우 화장품 프로모션을 진행할 경우 마스크 팩을 사은품으로 주는 경우가 많고 온라인 마케팅을 할 경우 저렴한 마스크 팩을 미끼상품으로 홍보를 하는 경우가 많다주로 저렴한 제품이 선호도가 높아 브랜드나 품질보다는 가격을 우선으로 생각해 구입하는 경향이 강하다 판매자들도 회전율이 높은 고급제품보다는 저렴한 제품을 선호하고 있다고급 제품의 경우 스킨케어 샵 과 같은 전문 피부관리실에 주로 유통이 되고 있으며 일반 부직포 스타일 팩보다는 하이드로 겔 타입의 마스크 팩이나 파우더 형태의 모델링 팩이 사용되고 있다마스크 팩 인기에 한국 제품의 유명세에 따른 유통기한 지난 제품 가짜 제품 등 불량제품 유통 또한 증가 추세다저렴한 제품 인기 중국 가품 유통 심각소비자들이 저렴한 제품을 찾기 때문에 일부 수입자들은 유통기한이 지나거나 임박한 제품을 전문적으로 저렴한 금액에 구입해 판매를 하고 있다 이런 제품들은 주로 지방지역의 재래시장이나 동네의 구멍가게 등으로 유통이 되고 있으며 해당제품으로 인해 피부 트러블 제품 불량 등 문제에 대한 처리가 불가능해 브랜드 이미지에 타격을 주기도 한다중국에서 만든 가짜 제품들이 한국 제품보다 훨씬 저렴한 금액에 유통이 되고 있다 가짜 제품 유통으로 브랜드 이미지에 타격을 받음과 동시에 판매율도 하락세를 보이는 경우도 있다 판매율이 줄어들면서 해당 제품을 유통하는 바이어들끼리 출혈경쟁으로 제품을 판매하는 경우가 종종 발생하고 있다2019년 크게 증가 한국 점유율 982016년 수입량이 전년 대비 약 11 감소했다가 이후로는 수입량이 지속 증가하고 있다 특히 2019년 수입량이 2018년 대비 27 이상 크게 증가했다태국 및 싱가포르에서의 수입이 상위권을 차지하고 있으며 태국이나 싱가포르 등 기타국가로 수출된 한국 제품이 캄보디아로 재수입되는 경우도 있다다만 화장품의 경우 음성적으로 수출수입이 되거나 수량을 적게 신고하는 경우가 많이 있어 정확한 수치를 파악하기 힘들다캄보디아에서 마스크 팩은 98이상 한국제품이 유통 중이다 캄보디아에서 가장 인기가 많은 브랜드는 JM SolutionFarmstaySNP메디힐이니스프리에뛰드포렌코스 토니모리 등이 있다SNS 통해 판매 도매상에서 직접 수입해 유통도수입유통업자들이 한국의 본사나 도매시장에서 수입해 딜러나 소비자에게 유통을 하는 구조가 일반적이다특정 제품에 관심이 있는 딜러는 해당 제품이 독점권이 걸려있지 않으면 직접 본사를 컨택해 유통업자를 거치치 않고 수입을 하거나 한국의 도매시장도매시장의 제품을 유통하는 유통업자에서 직접 수입해 유통하는 경우도 많다판매는 주로 FACEBOOK등 SNS를 활용 온라인으로 판매를 하고 있고 SNS의 홍보를 보고 직접 매장에 방문하여 구입하는 경우도 있다한국 제품의 인기에 무궁생활MUMUSO이라는 한국 상표를 모방한 브랜드에서는 중국제품의 마스크 팩을 한국 글자 및 로고를 새겨 유통하고 있다KOTRA 캄보디아 프놈펜무역관은 최근 5년간 너무 많은 브랜드의 유입으로 인해 가격경쟁이 심하고 서로 금액을 인하해 판매하는 형태가 급증하고 있다며 저렴한 제품의 경우 소비자들의 브랜드 충성도도 매우 낮기 때문에 같은 제품의 꾸준한 유통이 힘들어 시장에 접근하기 위해서는 적절한 마케팅과 포지셔닝을 고려하여 접근해야 한다고 조언했다이어 브랜드가 달라도 금액이 동일하면 소비자들은 브랜드가 다른 것을 인지 못하는 경우가 많다며 일반 유통가보다 한참 밑도는 원가구입 원가  물류비에 판매하는 경우가 많아 경쟁이 심화되고 있다고 덧붙였다저작권자 뷰티누리 무단전재재배포 금지독자의견쓰기   운영원칙보기0500자명예훼손 개인정보 유출 인격권 침해 허위사실 유포 등은 이용약관 및 관련법률에 의해 제재를 받을 수 있습니다 건전한 댓글문화 정착을 위해 이용에 주의를 부탁드립니다댓글 0개   숨기기독자의견댓글을 달아주세요많이 본 기사1단독아모레퍼시픽 중국 에뛰드 가품 소송 승소2중국 지재권 강화 아모레 등 잇단 승소3중국 마스크 메이크업 새로운 키워드 아이메이크업 돌풍4청정 담은 제주 맞춤형 화장품 새로운 제주 성장 동력 될 것5KEY NOTES for MANAGEMENT 2020년 12월 발표6제주도 맞춤형 화장품 사업 닻을 올렸다7팬톤이 선정발표한 2021년 올해의 색상은8바이어스도르프 니베아 포장재 재생 PP로 전환9CITES에 감송향 합개 등 추가 사진정보 등 제공10올 3분기 대기업 평균보수 임원이 직원보다 47배 높아이전페이지맨위로로그인 PC버전 페이스북 약업신문Copyright  Beautynurycom CoLtd All right reserved
http://www.cosinkorea.com/news/article.html?no=37539,시작페이지로즐겨찾기20201218 금맑음동두천 13기상청 제공회원가입로그인전체뉴스뉴스글로벌교육센터박람회코스인몰프레그런스저널코리아FJK검색창 열기업체홈뉴스업체이니스프리 X 네이버쇼핑 라이브 첫 방송 폭발적 반응2020 그린 홀리데이 기프트 에디션 출시기념 쏭냥 라이브 방송 성황리 종료이효진 기자 cosinpresscosinkoreacom등록 20201123 143836목록메일프린트스크랩글씨크기 크게글씨크기 작게페이스북트위터카카오톡카카오스토리라인네이버블로그밴드  코스인코리아닷컴 이효진 기자 자연주의 화장품 브랜드 이니스프리wwwinnisfreecom가 진행한 네이버쇼핑 라이브 방송이 성공적으로 마무리됐다  2020그린 홀리데이 기프트 에디션 출시를 기념해 지난 11월 19일 저녁 7시 네이버쇼핑 라이브 채널에서 뷰티 크리에이터 쏭냥과 함께 첫 번째 라이브 방송을 진행했다 2020 그린 홀리데이 기프트 에디션 제품 소개와 활용법 등을 실시간으로 소통해 시청자들의 주목을 받았다  연말에만 만나볼 수 있는 홀리데이 에디션이라는 점과 이니스프리 대표 스킨케어를 선물하기 좋은 세트 구성으로 선보여 시청자들에게 큰 호응을 얻었다 이날 1시간 방송 동안 누적 2만 뷰 좋아요 8만 회를 기록하는 폭발적인 반응이 있었다  방송 시간 동안에는 그린티 씨드 세럼 한란 인리치드 크림 대용량과 퍼퓸드 핸드크림 세트 젤리밤 크레용 글램 무드 팔레트 등 홀리데이 에디션을 최대 35 할인된 가격으로 판매했다 방송 중 모든 구매 고객에 한해 캐릭터 자수 양말을 증정하는 등 추가 할인과 사은 행사로 시청자들의 마음을 사로잡았다  특히 방송을 시청하던 소비자들은 이니스프리 자주 구매하는 브랜드인데 이번 에디션은 찐 선물 맛집 반짝반짝 화려한 패키지로 연말 분위기 난다 선물하기 좋은 구성으로 활용도 갑 등의 댓글이 이어지며 뜨거운 반응을 보였다  이니스프리 관계자는 외출이 어려운 요즘이지만 홀리데이 에디션 출시를 기념해 설렘 가득한 연말 분위기를 고객들과 함께 느끼고자 언택트 라이브 방송을 진행하게 됐다며 방송 중 보내준 관심과 성원에 감사드리며 앞으로도 다양한 방법으로 소비자와 적극적인 소통을 이어가기 위해 노력하겠다고 밝혔다  2020 그린 홀리데이 기프트 에디션은 미국의 팝 아티스트 스티븐 해링턴Steven Harrington과 선물을 테마로 협업한 스페셜 에디션이다 스티븐 해링턴의 대표 캐릭터 일러스트를 담아 홀리데이 분위기를 물씬 느낄 수 있는 방향 기초 색조 등의 카테고리의 총 10종으로 준비했다  한편 시청자들의 뜨거운 반응 속에 성황리 종료된 네이버쇼핑 라이브서 소개한 2020 그린 홀리데이 기프트 에디션에 관한 자세한 내용은 이니스프리 공식 홈페이지를 통해 확인할 수 있다  이효진 기자의 전체기사 보기Copyright  Since 2012 COSIN All Right Reserved관련태그자연주의화장품브랜드 이니스프리  이니스프리X네이버쇼핑 라이브첫방송 뷰티크리에이터 쏭냥  폭발적반응 누적2만뷰 좋아요8만회  2020그린홀리데이기프트에디션  찐선물맛집 반짝반짝화려한패키지 미국 팝아티스트 스티븐해링턴Steven Harrington 선물테마협업 스페셜에디션화장품 해외수출 법규 규정 이해 실전 교육일시 2020년 12월 29일화 14001800장소 오프라인  서울 금천구 스타밸리 513호 코스메틱 아카데미  온라인  온라인 실시간 화상회의ZOOM 교육네티즌 의견 총 0개닉네임비밀번호스팸방지그림의 영문 숫자를 입력하세요사이트 관리 규정에 어긋나는 의견글은 예고없이 삭제될 수 있습니다0300자등록하기이전 1 다음TODAY 이슈이슈2020년 홈쇼핑 화장품 판매부진 AHC 에이지투웨니스 두각오늘 많이 본 뉴스12020 송년특집 2020년 화장품 연구개발RD 분야 이슈는2식약처 화장품업체 29곳 화장품법 위반 무더기 적발 행정처분3화장품 컬럼 현 시대 20대의 뷰티 트랜드 변화4현대바이오랜드 지분 변경 속사정은5메디힐 쿠팡 단독 데일리 솔루션 마스크 3종 론칭6리얼 인터뷰 엘루오 박유석 대표7화장품 내년 실적 회복 기대감 화장품업종지수 50 상승82020년 홈쇼핑 화장품 판매부진 AHC 에이지투웨니스 두각9화장품 최신 특허 정보 2020년 5월 공개 한국 화장품 최신 특허출원 현황10미국 리포트 미국 캘리포니아 화장품 독성 화학물질 금지법 시행정기구독신청지난호보기신제품뷰티화장품 프리미엄 퍼퓸케어 로달리 샴푸바디워시 출시핫트렌드위드 코로나 시대 환절기 피부건강 뷰티템은이벤트삼양사 어바웃미 크리스마스 맞이 전품목 50 할인회사소개편집위원전문위원회사연혁알림 INFORMATION광고안내이용약관개인정보처리방침청소년보호정책이메일주소무단수집거부Contact UsFJK 정기구독 신청찾아오시는길UPDATE 20201218 1607주식회사 코스인 I 인터넷신문 등록번호  서울아02200 I 등록일자  2012년 7월 18일제호  코스인코리아닷컴 I 발행인 편집인  길기우 I 발행일자  2012년 7월 18일서울 금천구 디지털로9길 99 스타밸리 805호 전화 0220683413 팩스 0220683414 이메일  cosinkoreacosinkoreacom 사업자등록번호  1078770472 통신판매업신고번호  제 2013서울영등포1210호청소년보호책임자  박지현 개인정보관리책임자  박지현코스인코리아닷컴의 모든 컨텐츠는 저작권법의 보호를 받습니다 무단 전재복사배포 등을 금지합니다 Copyright  Since 2012 COSIN All Right Reserved
https://www.ajunews.com/view/20201209133724251,2020년 10대 뉴스 Pick하고 한돈 먹자배너 닫기아주경제20201218금요일EnglishTing Vit1218 장마감KOSPI277218175006KOSDAQ9472432034PrevNext전체메뉴검색인사이터즈중국산업재테크경제정치사회포토문화연예보도자료아주TVPrevNext단독  O2O 총알배송 속도내는 이니스프리어러머 이어 다다그룹 손잡아오수연 기자입력  20201209 1546공유하기카카오톡텔레그램페이스북트위터밴드웨이보URL프린트글씨작게글씨크게오프라인 매장 141곳 방 뺐는데대륙판 마켓컬리 JD다오자 입점어러머 배달원이 이니스프리 제품을 배송하고 있다 사진텅쉰망이니스프리가 중국 시장에서 O2O온오프라인 연계 총알배송을 확대해 활로를 모색한다 지난 6월 중국의 배민 어러머에 입점한 데 이어 중국판 마켓컬리 JD다오자 운영사 다다그룹과도 손을 잡았다9일 업계에 따르면 이니스프리는 지난 4일 중국 베이징에서 다다그룹 JD뷰티와 전략적 업무계약을 체결했다이번 계약의 내용은 이니스프리가 다다그룹의 온라인 식료품 배달 서비스 플랫폼 JD다오자에 입점하고 즉시 배송 서비스 다다나우를 통해 1시간 총알배송을 진행하는 것이다 현재 중국 전역의 230여개 매장이 JD다오자에 입점한 상태며 향후 매장 수를 더욱 확대해나갈 예정이다다다그룹은 중국 1위 온라인 식료품 배달 서비스 JD다오자와 배달 대행 서비스 다다나우를 운영하는 곳으로 올해 6월 나스닥에 상장했다 알리바바와 중국 전자상거래 시장을 양분하고 있는 징둥48과 월마트11가 주요 주주로 있다 JD다오자는 중국 온라인 식료품 배달 시장 점유율 24를 차지하는 1위 업체다 사용자 수가 2800만명에 달한다앞서 지난 6월 이니스프리는 중국의 음식 배달 애플리케이션 어러머를 통해 200여개 매장에서 인기 제품 300여종을 30분 내 배달하는 총알배송 서비스를 시작한 바 있다 당시 중국 뷰티 업계에서 단일 브랜드 최초로 O2O 총알배송에 나서 주목받았다이니스프리가 중국 시장에서 O2O로 영역을 확대하는 배경은 실적 악화와 시장 환경 변화에 따른 온라인 강화와 오프라인 채널 구조조정의 영향으로 풀이된다이니스프리는 지난해 611개에 달했던 중국 내 오프라인 매장을 올해 연말까지 141개 폐쇄해 중국 전역 매장 수를 470개로 줄인다 당초 올해 90여개 매장을 정리할 계획이었으나 51개를 추가로 정리하며 효율화에 속도를 내고 있다 오는 2021년에는 170개를 추가 폐점해 300개까지 축소할 계획이다박은정 유안타증권 연구원은 아모레퍼시픽은 오는 2021년 이니스프리 170개점 폐점 계획을 공유했는데 예상보다 디지털화 전환 의지가 빨랐다며 중국 이니스프리의 경우 온라인 비중이 40 수준이며 내년 55까지 온라인 매출 확대를 통해 비중을 견인할 것이라고 밝혔다  서경배 아모레퍼시픽그룹 회장의 장녀 서민정씨 사진아모레퍼시픽 제공이니스프리는 서경배 회장의 장녀 서민정씨가 지분 1818를 보유하고 있는 아모레퍼시픽그룹의 주요 계열사로 승계 재원을 마련하는 창구로 여겨진다 지난해 이니스프리는 1002억원 규모의 중간 배당에 결산 배당을 더해 총 1080억원을 배당하기도 했다이니스프리는 지난 2016년 국내외 매출 합산 1조원을 달성한 뒤 2017년 사드THAAD고고도미사일방어체계 배치 여파와 중국 로컬 브랜드의 득세로 나날이 실적이 악화하고 있다 지난해 매출 5519억원 영업이익 626억원을 기록한 데 이어 올해 3분기에는 매출 803억원을 기록해 전년 동기 대비 38 줄었으며 영업이익은 2억원으로 적자전환했다 이러한 실적 악화는 배당금 축소로 이어져 승계 일정에 차질이 생길 수 있다는 관측이 나온다지난해 기준 아모레퍼시픽그룹의 중국 매출에서 이니스프리가 차지하는 비중은 40에 달할 만큼 중국은 이니스프리의 핵심 시장이다 이에 O2O로 새로운 시도를 하며 활로 찾기에 나선 것이다오수연 syohajunewscom기자의 다른기사 보기가전제품 에너지효율 1등급 높이면 전력 21연간 14만9000원 절약LF 트라이씨클 정기 임원인사 단행이화정박용섭 상무 선임5개국어 글로벌 경제신문 아주경제 무단전재재배포 금지관련기사아모레퍼시픽 3분기도 울상LG생건 웃음아모레퍼시픽 실적회복 가시화 매수조성욱 아모레퍼시픽 가맹점주 상생 문제 살펴보겠다네티즌 의견 0건페이스북욕설 타인비방 등의 게시물은 예고 없이 삭제될 수 있습니다등록0  300아주경제적인 1분더보기22일 윤석열 운명의 날서울행정법원 정직 집행정지 심문3단계 되면 203만곳 운영금지제한격상 없는 억제 목표정부 이르면 다음 주 얀센 백신 계약화이자도 최종 검토 단계코스피 상승 277218 마감사상 최고치 또 경신사의표명 추미애 장관 하루 쉬고 오늘 업무복귀실시간 급상승90더보기FDA 모더나백신 사용 권고관련주 엔투텍에이비프로바이오파미셀안트로젠 상황은46아스트라제네카 내년 2월 국내 도입관련주 sk케미칼 진매트릭스 유나이티드제약 에이비프로바이오 시세는20디아이씨 상한가SP500 편입 테슬라에 100억원 규모 부품 공급19관상테스트 이틀째 화제조코딩 동물상 테스트도 재조명NEW세방전지 주가 19친환경 정책 2차전지 산업 기대감18아주TV더보기금요명상 한국의 위대한 사상가 다석 류영모의 천부경 해석 44포토뉴스더보기수영 포키 인형과 함께 스페셜DJ 출근해요코이너스너보스 IOHK와 블록체인 공동 연구개발 분야 MOU 체결 아이콘루프 서울블록체인지원센터 DID 방문객관리시스템개발 협약 NNA가 본 아시아 당국 외자기업에 금융지원 나서홍콩 대졸자 초임 2년 연속 감소 월 1만 6077HK달러아주로앤피아주로앤피 바로가기무기징역 가능했던 전과 18범 조두순 12년만에 출소할 수 있었던 이유는아주 글로벌EnglishTing Vit10621800106247515 103626 7573933006443393130302720181612553 91711645 소천상 기자 tianxiangajunewscom주요기사3단계 격상 없는 억제 고민 깊은 방역 당국정부는 경제적 충격 여파가 클 것으로 우려되는 사회적 거리두기 3단계 격상안을 두고 다시 한번 신중한 모습을 보였다 손영래 중앙사고수습본부 전략기획반장이르면 내주 얀센 백신 계약 화이자도 최종 검토 단계정부가 신종 코로나바이러스 감염증코로나19 해외개발 백신 확보와 관련해 얀센은 이르면 다음 주에 계약을 완료하고 화이자와 계약도 최종 검토하고 있는 단확진자 1000명 넘으면 전국 3단계로 상향국내 코로나19 신규 확진자 수가 최근 잇달아 1000명대를 기록하며 사회적 거리두기 단계가 곧 3단계로 상향될 것이라는 지라시사설 정보지가 성행했다 이에 많이 본 기사1새로닉스 주가 15 52주 신고가 경신엘앤에프 모회사2메디콕스 주가 27 자회사 메콕스큐어메드 임상 계획 승인3삼화페인트 주가 22 반도체 핵심소재 에폭시 국산화에 사흘째 강세4메디톡스 주가 7 미 ITC 보톡스 분쟁서 승리5FDA 모더나백신 사용 권고관련주 엔투텍에이비프로바이오파미셀안트로젠 상황은회사소개구독신청콘텐츠안내개인정보취급방침청소년보호정책저작권규약고충처리채용안내기사제보인터넷신문위원회아주경제주아주뉴스코퍼레이션정기간행등록번호  서울 아 00493등록일자  2008년 01월10일제호  아주경제발행인편집인 곽영길 주소  서울특별시 종로구 종로 1길 42수송동 1461 이마빌딩 11층발행일자  2007년 11월 15일청소년보호책임자  선재관전화  027671500 아주경제는 인터넷신문 위원회 윤리강령을 준수합니다 아주경제의 모든 콘텐츠기사는 저작권법의 보호를 받으며 무단전재 복사 배포 등을 금지합니다 Copyright  아주경제 All rights reserved
http://www.consumernews.co.kr/news/articleView.html?idxno=615618,전체기사산업금융지식창고파이낸셜인포안내데스크UPDATED 20201218 1634 금로그인회원가입모바일웹storytwitterfacebookinstargram전체메뉴산업금융지식창고파이낸셜인포기사검색검색뒤로물티슈 미생물한도 기준 초과 17582년간 인터넷 끊킴현상 1752현대건설 사기분양 대법원 확정 판결 1750설치기사의 횡포및 고객상담사대응불량 1747 비0 ㅅ알흥분최음  그 외 제품 httpvia1004biz  비0 ㅅ알흥분최음  그 외 제품 httpvia1004biz  비0 ㅅ알흥분최음  그 외 제품 httpvia1004biz httpvia1004biz  비0 ㅅ알흥분최음  그 외 제품 http 1747신발 훼손 및 착취 1746설치기사의 횡포및 고객상담사대응불량 1744중고차 할부 1740kt서면대리점곽수민 1737휠 타이어 개인거래로 인하여 하자 발생 1734사은품 미지급 1730너무 화가납니다 1730환불처리를 안해줍니다 1725온수매트 1716어이없네요 1715물품파손책임 1709환불을 안해줘요 1708구매후 취소가 안됩니다 CS 전화도 안받구요 1706광고에 부적절한 사진 노출 1704전화통화시 상대목소리 또는 내 목소리가 끊겨서 들려요 1700제보하기 상태바화장품 로드숍 창업비용 대비 매출 1위 더페이스샵스킨푸드는 꼴찌나수완 기자 nswcsnewscokr승인 20201117 0716댓글 0 더보기페이스북트위터카카오스토리URL복사기사공유하기스크랩프린트메일보내기글씨키우기국내 주요 화장품 로드숍 브랜드 가운데 창업비용에 비해 가맹점 평균 매출이 가장 높은 곳은 LG생활건강대표 차석용이 운영하는 더페이스샵이고 가장 낮은 곳은 스킨푸드대표 유근직인 것으로 나타났다더페이스샵의 가맹점 평균 매출이 창업비용의 3배 가까이 되는 반면 스킨푸드는 12배로 큰 차이를 보였다공정거래위원회 가맹사업정보시스템에 따르면 에뛰드하우스와 더페이스샵 미샤 스킨푸드 투쿨포스쿨 네이처리퍼블릭 토니모리 홀리카홀리카 등 주요 화장품로드숍 가맹점의 점포당 평균 매출은 3억1766만 원 평균 창업비용은 1억1848만 원으로 집계됐다 화장품로드숍 가맹점들이 창업비용의 27배 정도의 연 매출을 올리고 있는 셈이다창업비용은 가맹점사업자의 부담금을 의미하는 것으로 가맹비 교육비 보조금 등을 합친 금액이다 매출은 직영점을 제외한 순수 가맹점 매출만 집계했다 또 투자효율성을 나타내는 지표로서 창업비용 대비 매출액 규모를 계산했다비교대상 중 창업비용 대비 매출이 가장 높은 곳은 464를 기록한 더페이스샵이다 각 가맹점 매출이 창업비용의 46배 가량 된다는 의미다더페이스샵 가맹점 평균 매출은 지난해 기준 3억1148만 원으로 비교대상 중 5위를 기록한 반면 창업비용은 가장 낮게 나타나 비용 대비 매출이 높게 나타난 것으로 분석된다더페이스샵 가맹점주가 부담하는 창업비용은 6707만 원으로 8개사 평균 창업비용1억1848만 원 대비 5141만 원가량 적었다 더페이스샵의 창업비용이 현저히 적게 산출된 이유는 18년 및 19년 신규오픈 매장이 없어 17년 신규오픈 4개점의 평균 부담액을 적용9평 기준 했기 때문이다더페이스샵 측은 더페이스샵 매장은 시장환경의 변화에 따라 2016년부터 LG생활건강의 프리미엄 브랜드를 모아 놓은 뷰티 편집숍인 네이처컬렉션 매장으로의 전환 과정을 진행하고 있어 2018년 2019년에 오픈된 매장이 없다며 이에 따라 17년 신규오픈 4개점의 평균 부담액을 적용9평 기준 했다고 설명했다 이어 정보공개서 상 기재된 창업 비용은 타사와 같은 조건이 아니다고 덧붙였다이어 투쿨포스쿨대표 심진호이 419로 2위를 차지했다 투쿨포스쿨은 가맹점당 1억1200만 원을 투자해 평균 4억6962만 원의 매출을 올렸다 특히 투쿨포스쿨은 조사대상 중 점포수가 가장 적지만 평균 매출은 2위를 차지했다이어 엔프라니대표 김태훈의 홀리카홀리카가 333 아모레퍼시픽이 운영하는 에뛰드하우스가 291로 각각 3위와 4위를 차지했다홀리카홀리카의 경우 가맹점주들이 지불하는 평균 비용이 1억5220만 원이었고 평균 매출액은 5억669만 원이었다 홀리카홀리카는 창업비용과 평균 매출액 모두 비교대상 중 가장 높게 나타났다아모레퍼시픽대표 서경배의 에뛰드하우스 가맹점은 평균 1억3332만 원의 비용을 투자해 평균 3억8858만 원의 매출을 올린 것으로 조사됐다양사 모두 8개사의 평균치 매출액3억1766만 원을 크게 웃도는 수치를 기록하며 가맹점당 매출이 비교적 좋은 것으로 나타났다에뛰드하우스 측은 지난해 킷캣콜라보컬러 아이즈 미니키트 디즈니선콜라보 bpb 콜라보레이션키트 등 다양한 콜라보 제품 출시하며 브랜드 매력도 제고에 힘쓴 결과 가맹점당 매출 성장에 기여한 것으로 분석된다고 말했다 5위는 222를 기록한 토니모리대표 배해동 6위는 214를 기록한 네이처리퍼블릭대표 정운호이었다한편 에이블씨엔씨대표 이해준조정열의 미샤와 스킨푸드는 가맹점 평균 매출이 창업비용이 2배에 못 미친 것으로 나타났다미샤 가맹점주의 평균 창업비용 부담금은 1억2600만 원이었고 평균 매출액은 2억2703만 원을 기록했다꼴찌를 기록한 스킨푸드의 경우 평균 창업비용은 1억4950만 원인 것에 비해 가맹점당 평균 매출은 1억8357만 원에 그쳐 비교대상 중 가장 낮게 나타났다 이는 8개사의 평균치3억1766억 원보다 현저히 낮은 수치다한편 스킨푸드는 2017년 발발한 사드 보복과 오너리스크 등으로 심각한 침체를 겪고 있다지난 2004년 조윤호 전 대표가 설립한 스킨푸드는 2017년 사드 보복 여파 등으로 경영 악화를 겪어 2018년 10월 법원의 회생절차를 밟았다 더불어 스킨푸드 가맹점주 등으로 구성된 채권자 단체가 2019년 조 전 대표를 횡령배임 혐의로 검찰에 고소하면서 내홍은 더욱 커졌다현재 스킨푸드와 아이피어리스는 사모투자펀드PEF 운용사 파인트리파트너스의 자회사에 지난해 9월 2000억 원에 인수된 상태다지난해 스킨푸드 매출은 190억 원으로 2018년652억 원대비 71 감소했고 영업 손실은 62억 원으로 지난해에 이어 적자를 이어간 것으로 나타났다스킨푸드 측은 올 4월 플래그쉽 스토어 오픈 6월 웹 예능 네고왕 등을 출현하며 소비자의 호응을 얻었고 장기적인 플랜을 토대로 재도약을 위해 노력하고 있다며 이를 위한 과도기로 봐주면 될 것 같다고 말했다 소비자가만드는신문나수완 기자저작권자  소비자가 만드는 신문 무단전재 및 재배포 금지나수완 기자다른기사 보기페이스북트위터카카오스토리URL복사기사공유하기댓글 0댓글입력주요기사인사 우리금융그룹코웨이 6년 연속 CES 혁신상 수상기술력 디자인 인정한미약품그룹 송영숙 회장 사재 출연해 자랑스러운한미인상 제정인사 신동아건설JW그룹 자회사 사업구조 개편으로 핵심역량시너지 강화광동제약 제주도민에 5600만원 상당 건강음료 나눔HeadLineSRT 창가 좌석만 판매정기권 이용자 통로에 바글바글코로나 와중에도 생명보험 신계약 금액 증가미래에셋생명 50늘려 약진가입요건 완화되는 ISA은행 최고 수익률은 어디대형건설사 리모델링시장 진출붐쌍용건설 1위 자리 지킬까LG화학 화학 빅3 중 나홀로 매출영업익 동반성장기획  캠페인신문사소개 개인정보처리방침 청소년보호정책명칭  주씨엔미디어 CN media inc등록번호  서울 아 00281등록일자  2006년 11월 06일제호  소비자가 만드는 신문발행인  최현숙편집인  조영행발행소  서울 종로구 새문안로 92 8층 817 818 819호 신문로1가 광화문 오피시아발행일자  2006년 10월 10일발행소 전화번호  0232762755팩스  0232762751청소년보호책임자  고경환전자우편  csnewscsnewscokr소비자가 만드는 신문 모든 콘텐츠기사는 저작권법의 보호를 받는 바 무단전재 복사 배포 등을 금합니다  소비자가 만드는 신문 All rights reserved
http://www.futurekorea.co.kr/news/articleView.html?idxno=143085,임시동북아워치임시이미지Image임시메인2014추모사ON VIDEO동영상칼럼인터뷰리뷰서평신간빅데이터분석미래인사이트UPDATED 20201218 1700 금로그인회원가입모바일웹 전체커버스토리정치사회북한통일경제국제안보문화컬처미래인터뷰지방자치산업기획역사교육지식라이트뉴스기사검색검색HOME 빅데이터분석더페이스샵 사회공헌지수가 높아지면서 평판 상승 2020년 11월 화장품 전문점 브랜드평판 5위심하연 미래한국 기자승인 20201115 0908댓글 0기사공유하기프린트메일보내기글씨키우기더페이스샵이 높은 사회공헌지수를 획득하며 브랜드평판지수 상승에 성공했지만 11월 화장품 전문점 브랜드평판에서도 지난 10월과 동일하게 5위에 머물렀다한국기업평판연구소소장 구창환는 2020년 10월 7일부터 2020년 11월 7일까지의 화장품 유통 브랜드 빅데이터 11782996개를 분석하여 소비자들의 브랜드 습관과 평판을 분석한 결과 더페이스샵이 5위를 차지했다고 밝혔다구창환 한국기업평판연구소장은 브랜드에 대한 평판은 브랜드에 대한 소비자들의 활동 빅데이터를 참여가치 소통가치 소셜가치 시장가치 재무가치로 나누게 되며 화장품 전문점 브랜드평판지수는 참여지수 미디어지수 소통지수 커뮤니티지수 사회공헌지수로 분석하였다며 지난 2020년 10월 화장품 전문점 브랜드 빅데이터 13254714개와 비교해보면 1110 줄어들었다고 설명했다또한 구소장은 브랜드평판지수는 소비자들의 온라인 습관이 브랜드 소비에 큰 영향을 끼친다는 것을 찾아내서 브랜드 빅데이터 분석을 통해 만들어진 지표로 브랜드에 대한 긍부정 평가 미디어 관심도 소비자의 소통량 커뮤니티 노출량 소셜에서의 대화량 브랜드 사회공헌가치로 측정된다며 설명했다5위 더페이스샵 브랜드는 참여지수 201500 미디어지수 337280 소통지수 133551 커뮤니티지수 21337 사회공헌지수 11305가 되면서 브랜드평판지수 704974가 되었다 지난 10월 브랜드평판지수 702675와 비교하면 033 상승했다구 소장은 더페이스샵 브랜드는 저조한 소통지수와 참여지수를 보이며 순위 반등에 실패했다고 설명했다한편 한국기업평판연구소는 브랜드 빅데이터를 분석하여 브랜드평판지수를 파악하고 있으며 화장품 전문점 브랜드평판 미샤 이니스프리 아리따움 더페이스샵 에뛰드하우스 토니모리 스킨푸드 더샘 네이처리퍼블릭 잇츠스킨 올리브영 홀리카홀리카 비욘드에 대해 브랜드 평판조사를 실시하였다본 기사는 시사주간지 미래한국의 고유 콘텐츠입니다외부게재시 개인은 출처와 링크를 밝혀주시고 언론사는 전문게재의 경우 본사와 협의 바랍니다저작권자  미래한국 Weekly 무단전재 및 재배포 금지트윗하기심하연 미래한국 기자다른기사 보기댓글 0댓글입력최신순추천순최신기사시몬스 침대 150주년 기념 최대 20 세일이상종의 목리연 성공코칭  행동하고 초연하기이규환의 경영칼럼  다양성 인정 역량중기부 지원사업 덕에 위기 넘었죠 창업 1년차 맹지수 대표의 성공스토리 공개모어벨라 레몬효소 예약판매 프로모션 진행게이즈 방탄소년단 캐릭터 타이니탄 활용한 패션 마스크액세서리 출시포라이프 아동학대 예방 위해 따뜻한 기부 나서인기기사1오산 롯데캐슬 스카이파크 오산 역대 최다 청약 접수 기록2트바로티 김호중 모델 베리넛데이 홈앤쇼핑 9일 방송 진행3한국전력공사 에너지 스타트업 42곳 지원그린뉴딜과 디지털전환을 이끌어낸다4광화시대 프로젝트 개막 8종의 실감콘텐츠로 재미와 감동 선사5국내 최초 신재생센터 도입으로 탄소 없는 제주에 한 발짝 다가선다63호선 연장 원안 추진으로 교산 감일지구 주목 아클라우드 감일 공급7수입농산물 운송용역 입찰담합 12개 사업자 제재 과징금 54억 4900만원 부과8뮤직브로mubro BMP 2020 스타브랜드 음원플랫폼 부문 대상 받아9제주국제자유도시개발센터 체계적인 고객 전화상담 서비스 인정 받았다품질경영시스템ISO9001 획득10나주 왕곡변전소에 국내 최초 개방형 T플랫폼 준공된다신문사소개 1만인 클럽 게시판 기사제보 광고문의 불편신고 개인정보취급방침 청소년보호정책 이메일무단수집거부 RSS경기도 용인시 기흥구 용구대로 2563 3층대표전화  0312762563팩스  0312727182청소년보호책임자  강시영명칭  미래한국미디어제호  미래한국 Weekly등록번호  경기 아 50561등록일  20121223발행인  김범수 | 편집인  강시영미래한국 Weekly 모든 콘텐츠영상기사 사진는 저작권법의 보호를 받은바 무단 전재와 복사 배포 등을 금합니다Copyright  2020 미래한국 Weekly All rights reserved mail to webmasterfuturekoreacokr
http://www.sisamagazine.co.kr/news/articleView.html?idxno=338233,전체기사뉴스전국SISA MAGAZINE GOLF시사매거진커뮤니티키워드오피니언포토엔터테인먼트라이프전체메뉴시사매거진뉴스키워드오피니언포토엔터테인먼트전국기사검색검색로그인 회원가입상태바HOME 키워드LG생활건강 fmgt 글리터 유니버스 에디션 출시김성민 기자승인 20201211 1026댓글 0페이스북트위터카카오스토리카카오톡URL복사기사공유하기스크랩프린트메일보내기글씨키우기 우주의 화려한 빛과 다채로운 컬러를 담은 글리터 유니버스 에디션 다양한 입자 크기의 글리터 펄이 영롱하게 빛나는 메이크업 룩 완성 아이섀도우 립글로스 립스틱 립케어 총 4종으로 구성fmgt글리터 유니버스 에디션  시사매거진LG생활건강대표 차석용이 12월 홀리데이 시즌을 맞이해 영롱한 글리터 메이크업을 위한 fmgt의 글리터 유니버스 에디션을 출시했다메이크업 전문 브랜드 fmgt가 선보인 글리터 유니버스 에디션은 우주의 화려한 빛과 다채로운 컬러를 담은 컨셉으로 다양한 글리터 펄로 반짝임이 돋보이는 메이크업을 완성시켜준다대표제품인 글리터 유니버스 아이섀도우 팔레트는 9가지 글리터로 구성된 아이섀도우 팔레트로 여러 메이크업 룩에 활용 가능한 퍼플 핑크 코랄 컬러 등이 담겨있다 다양한 입자 크기의 글리터가 믹스되어 텁텁함 없이 투명하게 반짝이는 메이크업을 완성시켜준다글리터 유니버스 립글로스는 반짝이는 은하수를 머금은 듯 눈부시게 반짝이는 입술을 연출해 주는 물광 글로스로 유리알처럼 맑은 컬러가 입술에 오묘한 빛의 광택감을 선사한다 가볍게 밀착되어 끈적임 없는 글로스 제형으로 립스틱을 바른 후 덧발라 활용 가능하다이외에도 fmgt는 브랜드의 기존 베스트셀러에 글리터 유니버스 감성을 더해 한정 세트로도 출시했다글리터 유니버스 루즈 새틴  매트 세트는 촉촉한 질감과 새틴을 얹은 듯 부드러움이 느껴지는 루즈 새틴 모이스처와 건조함 없이 매트하게 마무리되어 밀착감이 특징인 루즈 트루 매트의 각 베스트 컬러를 선정해 2종 듀오 세트로 출시했다립케어 크림 세트는 차갑고 건조한 날씨에 트기 쉬운 입술에 즉각적으로 보습을 공급해주는 립케어 제품으로 부드러운 제형이 입술을 코팅하듯 감싸주어 매끄럽고 부드럽게 가꿔준다 특히 투명한 색감으로 남녀노소 누구나 사용할 수 있어 선물로도 좋은 제품이다한편 fmgt의 글리터 유니버스 에디션을 포함한 전 제품은 전국 네이처컬렉션 및 더페이스샵 매장 네이처컬렉션더페이스샵 온라인 통합 플랫폼에서 만나볼 수 있다제품정보fmgt 글리터 유니버스 아이섀도우 팔레트06g  9색 2만 9천원fmgt 글리터 유니버스 립글로스42g 1만 2천원fmgt 루즈 새틴  매트 세트36g  2 2종 2만 6천원fmgt 립 케어 크림 세트12g  2 1만원김성민 기자  ksm950080gmailcom새시대 새언론 시사매거진저작권자  시사매거진 무단전재 및 재배포 금지김성민 기자다른기사 보기페이스북트위터카카오스토리카카오톡URL복사기사공유하기당신만 안 본 뉴스2020 천하장사 씨름 대축제 이모저모한전 지난 4년간 에너지 스타트업 302개 육성멕아이씨에스 차세대 호흡치료기 HFT700 국내 2차 긴급 공급공급 물량 누계 253대 확정2020 천하장사에 영암군민속씨름단 장성우 등극싱어게인 50호 가수 여자 양준일 그녀는 누구아이디병원 돈버는 퀴즈 캐시워크 정답은EDGC 우회상장세력의 솔젠트 경영권 탈취 시도 확인2020 천하장사 씨름 대축제 이모저모서린동에서 말소리만 싹 키워주는 최신 보청기 무료체험 지원자를 모집합니다hearcom|Sponsored주름잡티기미 이것 2번발라 효과톡톡고혼진|Sponsored바삭하게 구워 막장에 푹 찍으면 현지의 맛 그대로 대구막창 1천원 첫 구매 특가마켓컬리|Sponsored큼직한 초코칩이 콕콕 허쉬초코쿠키 대용량 100원 밤11시 전 주문시 내일아침 도착마켓컬리|Sponsored모발이 다시 자랄 수 있게 하는 간단한 팁모발 성장을|Sponsored연골마모로 무너진 관절 이것먹고 촘촘하게 채워강호동이 추천합니다 관절 및 연골 건강에 좋은 천관보천관보|Sponsored댓글 0댓글입력주요기사교보생명은 왜 예능 콘텐츠 극한대행을 진행했을까연합교육 해오름커뮤니케이션 공동기획 월간 대학 합격의길 도서 전국 학원에 무료 기부정읍시 종합경기장 도심형 스포츠문화 공간으로 재탄생된다공수처장 후보추천위원회 제5차 회의 개최28일 최종 의결다산신도시 일대 자족기능 강화돼상업시설 힐스 에비뉴 지금 디포레 분양 예정제직증명 2020 지역사회 공헌 인정기업 선정최신뉴스교보생명은 왜 예능 콘텐츠 극한대행을 진행했을까연합교육 해오름커뮤니케이션 공동기획 월간 대학 합격의길 도서 전국 학원에 무료 기부정읍시 종합경기장 도심형 스포츠문화 공간으로 재탄생된다공수처장 후보추천위원회 제5차 회의 개최28일 최종 의결다산신도시 일대 자족기능 강화돼상업시설 힐스 에비뉴 지금 디포레 분양 예정포토뉴스교보생명은 왜 예능 콘텐츠 극한대행을 진행했을까인기뉴스12020 천하장사 씨름 대축제 이모저모2한전 지난 4년간 에너지 스타트업 302개 육성3멕아이씨에스 차세대 호흡치료기 HFT700 국내 2차 긴급 공급공급 물량 누계 253대 확정42020 천하장사에 영암군민속씨름단 장성우 등극5싱어게인 50호 가수 여자 양준일 그녀는 누구6아이디병원 돈버는 퀴즈 캐시워크 정답은7EDGC 우회상장세력의 솔젠트 경영권 탈취 시도 확인8한전 개방형 T플랫폼왕곡 실증시험장 준공매체소개기사제보광고문의불편신고개인정보취급방침청소년보호정책이메일무단수집거부RSS서울특별시 강남구 테헤란로27길 18 역삼동 678번지 유원빌딩 5층대표전화  027905116팩스  0220867272청소년보호책임자  김길수법인명  시사매거진제호  시사매거진등록번호  강남 라 00906등록일  19970912발행편집인  김길수시사매거진 모든 콘텐츠영상기사 사진는 저작권법의 보호를 받는 바 무단 전재와 복사 배포 등을 금합니다Copyright  2020 시사매거진 All rights reserved mail to webmastersisamagazinecokr
https://www.bloter.net/archives/483389,블로터블로터 x 메가스터디 IT아카데미블로터 x UdemySayCEO비즈니스콘텐츠플랫폼소사이어티엔터테인먼트퓨처디지털라이프스타트업블록체인searchDNA 아모레퍼시픽 아이오페 랩김주리의 투머치 리뷰 아이오페 랩 타고남에 대한 잡상share공유0comment댓글0zoomin zoomout언어 선택영어일본어중국어간체중국어번체  번역에서 제공김주리의 투머치 리뷰는 IT유통뷰티를 기반으로 한 체험기입니다 어디로든 가고 무엇이든 합니다 일상 속 소소한 궁금증부터 살까 말까 고민되는 신제품 체험까지 모든 경험을 공유하겠습니다 저렇게까지 할 필요 있나라고 생각될 다소 과도한 체험과 연구 함께 해요 췌킷아웃명동 아이오페 랩 매장촬영김주리 기자평소 숙취 많이 없으시죠아뇨 심한 편이에요숙취가 있을 유전자가 아닌데도대체 얼마나 드시는 거예요DNA테스트를 받았다 인상적이었던 몇 가지 결과는 알코올 분해능력 좋음 금연 성공률 낮음 심폐 지구력 약함 타고난 음주가무형 인간이랄까 긍정적인 결과도 물론 있었다 피부의 노화나 염증에 강하고 수분 부족으로 인한 튼 살과 각질 걱정이 없을 DNA라고 한다 연구원의 말을 빌리자면 우수한 피부를 가질 수밖에 없는 유전자 즉 타고난 좋은 피부라는 말이다 함께 진행한 정밀검사 결과와 합했을 때는 피부 점수가 최소 상위 20에 들어간다고하지만 어쩌나 과학이 가리키는 사실과는 달리 기자는 숙취도 심하고 튼살도 심심치 않게 생기는 편이다 유전자 검사 없이 진행했던 진단에서는 탄력이 부족하다는 소견까지 있었다 한국 사람들이 좋아하는 타고난 천성적인이라는 말 어디까지 실재하는 걸까 우선 검사를 진행한 아이오페 랩에 대해 먼저 이야기해보자명동 아이오페 랩 매장촬영김주리 기자서울 중구 명동에 위치한 아이오페 랩은 화장품을 판매하는 코스메틱 스토어지만 이름처럼 Lab 연구소로서의 성격도 갖고 있다 매장에는 연구원 복장의 직원들이 층마다 상주하고 있으며 정밀상담은 박사 학위를 보유한 전문연구가에 의해 진행된다 단순히 피부의 겉면을 살펴보고 평가하는 피상적인 진단 또는 측정을 넘어 내 피부의 본질인 체내 유전자까지 분석해 보이지 않는 곳에서 일어나는 피부 상태의 원인을 확인할 수 있는 것이 차별점이다 기자는 DNA테스트 이전과 이후 총 두 번 방문했다촬영김주리 기자아이오페 랩에는 정밀진단을 받기 전 미리 화장을 지울 수 있는 공간이 마련돼 있다 피부의 원초적인 상태를 확인하기 위해 화장을 지운 후에는 토너 스킨 로션 모두 사용 금지다 기자처럼 유분이 부족한 피부일 경우 극한의 건조함을 견디며 45분간 검사와 상담을 진행해야 하니 어느 정도 마음의 준비를 하고 오도록 하자스트레스를 쉽게 받는 쿠키 멘탈의 김기자촬영김주리 기자피부 상태에 대해 스스로가 인식하는 고민을 설문 형태로 작성한다 추가로 스트레스의 정도와 수면의 질 흡연 음주 여부 등을 작성하면 본격적인 카운셀링을 위해 피부 측정기기 마크뷰를 통해 얼굴의 전면과 측면을 촬영한다 얼굴의 색소침착 모공의 상태를 4가지 종류의 빛 일반광 자외선광 편광 광택광을 통해 확인한다기자가 피부 측정 촬영에 임하고 있다사진김주리 기자4가지 빛을 통해 피부의 상태를 확인할 수 있다촬영김주리 기자피부의 유수분 상태를 측정하는 안테라사진김주리 기자일반광에서는 보이지 않던 기미와 잡티 주름이 다양한 광을 비추자 전부 드러난다 보이는 것 또는 체감하는 것은 실제 일어나고 있는 상태와 상당 부분 달랐다 기자의 경우 오후 무렵부터 번들거리는 피부와 눈 밑이 검게 나타나는 다크서클을 고민했으나 실제로는 유분기가 거의 없어 되려 그 부분이 문제인 피부였다 많은 사람들이 무의식적으로 기름진 피부를 기피하지만 적당한 양의 유분기름은 피부의 노화 방지와 탄력 유지에 도움을 주는 필수요소라고 한다 다크서클 또한 예상과 달리 나쁘지 않았지만 문제가 되는 것은 자주 인상을 쓰거나 눈을 흐리게 뜨는 습관 때문에 눈 주위에 형성된 잔주름이었다정밀검사를 통해 받은 결과지촬영김주리 기자피부측정을 마치면 자리를 이동해 DNA테스트 결과와 현장에서 받은 검사를 복합적으로 분석해 심층적인 상담을 받는 시간을 가진다 특히 타고난 유전자와 현재 상태를 대조해보며 향후 발생할 수 있는 미래의 피부 트러블에 대해서도 점쳐본다 DNA테스트는 약 2주 전 인터넷으로 검사를 신청한 뒤 수령받은 유전자 키트를 통해 미리 연구소로 보내졌다지금의 나와 태초의 나 그리고 미래의 나를 그려볼 수 있는 시간이다약 2주전 집으로 도착했던 유전자 검사 키트 입 안쪽을 긁어 DNA를 채취한다촬영김주리 기자초반에 언급했던 타고난 좋은 피부 맞긴 맞나 보다 수년째 이어온 음주와 흡연 예민한 성격으로 받는 스트레스를 어쩌지 못해 밤잠을 설친 날들과 인스턴트식 식습관을 생각하면 세럼 하나만 바르고 끝내는 전무한 피부관리에도 높은 점수를 받은 건 유전자의 덕이겠다 살이 찌지 않는 체질이라고 어림짐작은 했었지만 이 또한 유전자가 그렇다고 한다 비만을 분해하는 능력과 식욕을 억제하는 능력이 좋은 유형의 유전자란다하지만 그래서 외형과 피부에 좋은 건강한 유전자를 타고났으니 이대로 해피엔딩일까 답은 아니다체험이 끝나면 맞춤형 세럼을 고를 수 있다 응고 형태와 질감까지 선택이 가능하다촬영김주리 기자몇 년간의 해외 생활을 하면서 기자의 몸과 피부에는 큰 변화가 생겼었는데 가장 큰 부분이 바로 전 언급한 비만과 피부다 처음 1 2년은 살아왔던 대로 큰 변화 없이 많은 것들이 유지됐지만 완전히 다른 환경을 만난 신체는 급격하게 바뀌기 시작했다 지방 분해에 용하다는 유전자는 제 역할을 못했는지 안했는지 체중이 10kg 이상 증가했고 눈가에 주근깨가 생기기 시작했다 당시 5개가 넘는 스킨케어를 사용했으며 평생 안 하던 마스크팩을 해도 피부는 이전으로 돌아가질 않았다 시간이 흐른 뒤 한국으로 돌아온 후에야 이같은 트러블들이 사라졌다아이오페 랩 연구원은 이에 대해 유전자는 말 그대로 유전자일 뿐 일생동안 발현하지 않는 경우도 있다라고 설명했다 즉 제아무리 본래 가지고 있는 유전자가 이렇고 저렇다 한들 삶에 아무런 영향을 끼치지 않는 경우도 다수라는 것이다 해외 체류 기간 겪었던 변화에 대해서는 환경이 바뀐다는 건 온도 습도 섭취하는 음식 성분과 비타민 등 모든 것이 바뀐다는 걸 의미한다 내재한 유전자의 위험인자는 더 활성화되거나 아예 변화가 없을 수도 있다라고 말했다 쉽게 말해서 타고남은 잘 나고 못난 것 없이 기본일 뿐 모든 건 환경과 개인의 선택과 관리에 달려있다는 것이다아이오페 랩에서 제공하는 맞춤형 3D 마스크 진단 결과와 분석을 바탕으로 제작된다촬영김주리 기자피부 체형 지능 능력 흔히 선천적인 부분은 따라갈 수 없다고들 말한다 물론 피부와 건강을 토대로 분석된 유전자의 발현성이 성격의 특성과 성향 재능과 연관된 유전자까지 대변한다고 말하기에 다소 무리가 있지만 과학적으로 접근한 팩트라고 불리는 것들의 영향 혹은 무력함을 분석하고 설명을 듣는 것은 흥미로운 경험이었다원형 그대로의 성질 과거의 습관 현재의 상태를 토대로 예상하는 미래는 말 그대로 예측일 뿐이다 그리고 그 예측 또한 언제 어디서 튀어나올지 모르는 변수들로 얼마든지 바뀔 것이다 그 변화가 긍정적이든 부정적이든 긍정적인 변화를 위해 고민하고 선택하고 실행할 뿐이다 이날 수령받은 맞춤형 마스크팩과 세럼은 전에 써본 어떤 제품들보다 피부에 맞았다 실제로 DNA테스트 이전의 방문과 이후 방문 사이 고작 한 달여의 시간 동안 피부 정밀 진단 결과는 금세 바뀌었다 유전자가 어떻든 선택의 중요성이 되겠다사진김주리 기자글쓴이김주리rainbowbloternet기자라서 행복합니다발행일20201126태그DNA 아모레퍼시픽 아이오페 랩 유전자 검사 유전자 테스트 피부 솔루션 피부진단콘텐츠 문의 | adbloternet메모장 넘어서는 에버노트 활용 방법Bloter Academy IT 전문 블로터의 테크 스쿨 민규Minkyu 서Seocomment17할인중합격을 부르는 영어 이력서면접 체크포인트 27할인Bloter Academy IT 전문 블로터의 테크 스쿨 April Kim 주채팅캣 대표  ChattingCat Inc CEOcomment15할인중블로터 블로터 x 메가스터디 IT아카데미 블로터 x Udemy SayCEO회사 소개 서비스이용약관 상시 채용 제휴 문의 광고 문의 개인정보처리방침 청소년 보호 정책상호  주블로터앤미디어 | 주소  서울시 영등포구 선유서로31길 3 8층 | 대표이사  여민규 | 사업자번호  1058693754 | 등록번호  서울 아 00239제호  블로터 | 등록일자  2006 8 25 | 발행인  여민규 | 편집인  문병선 | 개인정보관리청소년보호책임자  임경진 | 기사문의  0220690566 광고문의  07042882684 서비스제휴문의  0220690562Copyright  BloterMedia Inc All rights reserved
https://m.sportschosun.com/news.htm?id=202011270100251100016722&ServiceDate=20201126#_enliple,뉴스펀펌만화랭킹운세쇼핑홈연예야구축구종합라이프경제헬스SPOONSC 광고대상 아이오페 레티놀 엑스퍼트 효과 임팩트 있게 각인시킬 수 있도록 노력20201126 202043이희복 아모레퍼시픽 전무수상 소감 이희복 아모레퍼시픽 전무1997년 주름개선기능성을 가진 레티놀 제품을 최초로 출시한 이후 아이오페는 꾸준히 레티놀 성분에 대한 연구를 이어왔습니다 레티놀은 주름 개선 효능으로 이미 유명한 성분이지만 안정화가 어렵고 적정 농도를 벗어나면 피부에 자극을 줄 수 있어 제품을 만드는 것이 쉽지는 않았습니다 하지만 아이오페는 끊임없는 연구와 도전으로 2020년 마침내 10번째 진화한 레티놀 엑스퍼트를 출시했습니다 자극 없이 주름을 개선하는 최적의 함량과 안정화 기술을 적용한 제품 출시에 따라 효능을 임팩트 있게 각인시킬 수 있는 광고를 만들고자 했습니다주름을 보며 노화를 인식하고 주름 케어의 필요성을 느끼는 분들이 많지만 이미 안티에이징 제품으로 관리를 하고 있어서 주름은 화장품으로는 안될 것 같아서 등 주름 자체에 대한 관리는 다소 유보적인 태도를 보이고 있는 것을 발견했습니다 임상실험을 통해 입증된 2주만에 주름잡다는 메시지를 통해 주름이 생기는 시간보다 더 빠르게 주름을 개선하는 레티놀 엑스퍼트의 강력한 효능을 확실하고 자신감 있게 전달하는데 중점을 뒀습니다 메시지를 뒷받침하기 위해 제품을 중심으로 힘있고 팽팽하게 퍼져 나가는 듯한 배경을 활용 제품이 마치 주름을 해결하러 온 히어로처럼 보일 수 있도록 개발했습니다연구를 통해 찾아낸 확실한 주름 개선 효능과 자신있게 커뮤니케이션한 덕인지 레티놀 엑스퍼트를 경험하고 만족하시는 소비자분들이 늘어나는 것 같아 매우 기쁩니다 깊이 있는 연구를 통해 안전하면서도 효과적인 솔루션을 제공하여 고객의 피부 미래를 바꿀 수 있는 브랜드가 되도록 더욱 노력하겠습니다 감사합니다58세 난임 폐경 후 쌍둥이 출산최고령 기록주식보단 이것 단돈만원으로 5천만원 수익 너무쉽다여성이 이쁜이 수술 하는 진짜 이유충격잦은방귀 지방찌꺼기 이것먹고 15kg 변기부서져 헉경북 산골 땅속에서 31억발견주인이유부녀로또26억당첨 후 밤마다 몰래 당신이 좋아할만한 뉴스1김기덕에게 당한 이승연2이나영 김기덕 영화 비몽 촬영 중 현장서 사망할 뻔3육상 유망주 출신의 타락 부잣집 사모님 노리개 된 후 아내에 이혼 요구4성매매업소 티켓다방 운영 36살 연상연하 다정한 부부 논란의 진실은5배지현 남편 류현진 매일 밤 풀코스로 마사지 해줘 핑크빛 결혼생활6500만원대 최고급 브람스 안마의자 100만원대 20대 한정판매725만원 온수매트 63할인 99000원 50세트 한정판매8레모나 제약회사가 다량의 침향함유 건강환 출시 할인행사9250만원 금장 골프 풀세트 72 단독 할인 60만원대 판매국민대출 7천만원 확정 안받으면 손해2020년 최대크기 남수술 최초 공개빚 등급 조건없이 1억까지 지원대출 안받으면손해국민대출 7천만원 확정 안받으면 손해많이 본 뉴스스포츠연예라이프1 부잣집 사모님 노리개 된 후 새살림 차리고 이혼 요구하는 남편2 우이혼 박재훈X박혜영 이혼 사유 공개낯선의 흔적 발견 충격3 미스트롯2 홍지윤 오프닝 비주얼 센터올하트 성공임영웅도 놀란 반전 목소리SC리뷰4 채림 6년만 이혼 심경 내 인생 최선 다해 살 뿐가오쯔치 평안한 삶 살길 전문5 보아 졸피뎀 등 의약품 밀반입 혐의 조사SM 직원 실수 기소여부 결정종합6 김민경 무인도 생활 반나절 만에 새카매진 얼굴에 깜짝 제작진에서 산재 처리 해줘야 나는 살아있다7 배지현 남편 류현진 매일 밤 풀코스로 마사지 해줘 핑크빛 결혼생활동상이몽8 윤균상 멤버 중 마음에 드는 사람 있다 핑크빛 충격 고백갬성캠핑로또1등 수동 무더기 당첨농협본점 비상신불자도 신청즉시 8천만원 정부 승인천하장사 이만기 관절염 병원 가지마홈전체뉴스목록PC버전개인정보 처리방침Copyright sportschosuncom All rights reserved
https://biz.chosun.com/site/data/html_dir/2020/05/13/2020051301255.html?utm_source=urlcopy&utm_medium=share&utm_campaign=biz,스포츠조선조선비즈TV조선헬스조선조선에듀IT조선조선뉴스프레스로그인조선비즈 메뉴버튼산업부동산증권테크금융정책시사국제오피니언피플조선비즈 검색버튼산업기업아모레 체험형 매장 명동 아이오페 랩 리뉴얼 개장조선비즈 이선목 기자기사 스크랩 이메일로 기사공유 기사 인쇄 글꼴 설정100자평0좋아요1페이스북 공유4트위터 공유카카오스토리 공유네이버블로그 공유기사 URL공유입력 20200513 0957아모레퍼시픽화장품 브랜드 아이오페는 피부 유전자 분석과 맞춤형 3D 마스크 등 혁신적인 서비스 체험이 가능한 명동 아이오페 랩IOPE LAB을 리뉴얼 오픈했다고 13일 밝혔다6일 개장한 아이오페 랩은 아이오페의 피부 미래 연구 공간이자 프리미엄 매장으로 고객의 피부를 분석하고 피부 측정과 유전자 분석 등을 통해 개인 맞춤형 솔루션을 제시한다 2014년 개장한 이래 지금까지 피부 진단 서비스를 제공하며 축적된 5000명 이상의 고객 피부 데이터와 고객의 요구를 기반으로 다양한 피부 솔루션을 연구해왔다명동 아이오페 랩 아모레퍼시픽 제공이번에 리뉴얼한 아이오페 랩은 총 3개 층으로 1층 솔루션 랩에서는 아이오페의 제품 테스트와 구매를 할 수 있다 2층 커스텀 뷰티 랩에서는 맞춤형 3D 마스크 및 세럼 제조와 함께 뇌파 연구 등 월 별로 달라지는 테마 연구 프로그램에 참여할 수 있다 3층은 피부미래 연구 공간인 스킨 사이언스 랩으로 첨단 피부 측정과 유전자 분석을 통한 상담을 할 수 있다아이오페 랩에서만 만날 수 있는 프로그램도 있다 피부미래 솔루션 프로그램은 유전자 분석 및 정밀 측정을 통해 피부 관련 종합 솔루션을 제공하는 서비스다 피부 유전자 13종과 헬스케어 유전자 13종을 합한 총 26개의 유전자를 다양한 각도로 분석하고 7가지 피부 고민에 따라 가장 효율적인 피부 건강 관리 방법을 알려준다또 현장에서 즉시 제조하는 개인 맞춤형 랩 테일러드 3D 마스크 랩 테일러드 세럼도 경험할 수 있다 랩 테일러드 3D 마스크는 어플리케이션으로 얼굴의 부위별 사이즈를 측정한 후 3D 프린팅 기술을 이용해 제조하는 개인 맞춤형 하이드로 겔 마스크다 랩 테일러드 세럼은 피부 타입과 고민에 최적화된 성분을 즉석에서 배합해 제공하는 맞춤 세럼이며 총 20종류를 만들 수 있다그 외 민감성 탄력 및 칙칙함 주름 및 노화 징후 등피부 고민에 따라 상태를 집중 점검하고분석하는 피부 고민별 프로그램도 제공한다배지현 아이오페 디비전장 상무는 아이오페 랩은 아이오페의 브랜드 철학이 응축된 플래그십 스토어이자 고객의 참여를 통해 새로운 솔루션을 탐색하는 피부미래 연구 공간이라며 아이오페 랩을 방문하는 고객들은 화장품을 구매하는 소비자를 넘어 피부미래 연구 과정의 주인공이 되는 특별한 경험을 하게 될 것이라고 했다좋아요 1Copyright  조선비즈  Chosuncom제휴안내구독신청핫뉴스 BEST이대로면  못 만든다 정부에 반기든 도요타 왜단독 한미약품 대형제약사 중 첫 자체 3단계 대응 돌입진격의  절삭공구  제치고 세계 1위 노리는 이 회사단독광주형 일자리 광주글로벌모터스  온라인 판매주사 대신 코에 칙 코로나 치료 스프레이 경쟁당신이 좋아할만한 콘텐츠강남엄마들 사이에서 난리난 이것 주름기미 싹ADMS2PLUS2020년 이 종목 무조건 사놔라 2021년 50배 이상AD코리아경제티비구취가 해결된다고 이렇게나 간단한 방법이 있었다면 진즉에 했을텐데ADmomoselection13개 진영의 수백명의 챔피언을 수집하고 함께 전투하세요ADPlariumRecommended by100자평0로그인을 하시면 댓글 등록을 하실 수 있습니다건전한 토론문화를 위하여 댓글 관리 규정에 반하는 댓글은 표시가 제한됩니다도움말삭제기준산업 주요뉴스계단 오르고 장애물 피하는 로봇 개 스팟 현대차 미래 모빌리티 발돋100일만에 10만개 대박 난 조선호텔 짜장면 밀키트 비결을 알아보니내년에도 대형 SUV가 대세국내 처음 선보일 수입차는제주항공 예비 승무원 두 번 울린 국토부 일자리 박람회조원태 한진그룹 회장 프랑스 외교공로 훈장 금장 수훈많이 본 뉴스1먹거나 맞는 대신 뿌린다 코로나19 치료 비강 스프레이 개발 경쟁2코로나 신규 확진자 1062명 일주일 일평균 확진자 900명대 넘어종합3중졸 뮤지션이 만든  토스트기 업체 주가수익률 파나소닉 넘어섰다4 도요타 회장 정부 석탄 정책에 반기  산업 붕괴 우려5계단 오르고 장애물 피하는 로봇 개 스팟 현대차 미래 모빌리티 발돋6내년에도 대형 SUV가 대세국내 처음 선보일 수입차는7100일만에 10만개 대박 난 조선호텔 짜장면 밀키트 비결을 알아보니8같은 단지 청약성적이 극과극 지방 59 홀대 이어져9곧 코스피 떨어진다 꿋꿋이 하락에 베팅하는 개미들10미스트롯2 첫방부터 터졌다 최고 시청률 302코로나 재확산 여파간호사관 생도들까지 방역전선 뛰어든다 77명 급파코로나 재확산 속 다가온 연말 대세는 안전한 홈파티코로나 때문에 배드민턴 국가대표 선발전 잠정 연기코로나 확진자 나온 대우조선해양 조선소 3일간 조업 정지구의역 사고 피해자가 신경썼어야 못 사는 사람이 미쳤다고 밥 사먹정부 연내 백신 계약완료 공수표 접종은 기약 없어미스트롯2 첫방부터 터졌다 최고 시청률 302이번엔 경기서 병상대기 중 사망 수도권 병상대란 현실화25단계 검토 또 거리두기 쪼개나 혼란 가중 지적 잇따라쌍용현대차 이어 한국지엠 올해 노사 임단협 최종 타결대형마트 앞지를 동네슈퍼 코로나로 식품소비 확 바뀌었다1년동안 월세 못받아  퇴거 유예에 임대인들 분통긴급재난지원금국제 유가라임사태조선비즈 창간 10주년오피니언금융그룹감독법 시행되면 공정경제 이뤄지나팀장칼럼금융그룹감독법 시행되면 공정경제 이뤄지나기자수첩배민 AI 상사 겪어 보니과학TALK몸에 이식한 인공유방 등 의료기기 정보 확인 가능해진다비즈톡톡월 50만원대에 올뉴아반떼 신차를 쏘카 대여 특가 프로모션등록번호  서울 아01175등록년월일  20100319발행인  주조선비즈 방준오편집인  신효섭청소년보호책임자  진교일주소  서울특별시 중구 세종대로21길 30Copyright  All rights reserved회사소개인재채용디지털편집국광고안내사업문의개인정보처리방침독자참여 및 제보관련사스포츠조선조선아이에스헬스조선CS ME조선뉴스프레스조선일보주조선방송주디지틀조선일보
https://www.donga.com/news/Economy/article/all/20200121/99351672/1,본문바로가기전체메뉴보기오피니언정치경제국제사회문화연예스포츠핫이슈로그인검색뉴스경제유통Beauty안티에이징의 대명사 아이오페 레티놀의 모든 것동아일보 입력 20200122 0300수정 20200122 0300공유하기뉴스듣기프린트 글씨작게글씨크게국내 최초 고함량 슈퍼레티놀 아이오페 레티놀 엑스퍼트 01 출시2020년 1월 아이오페는 국내 최초의 고함량 슈퍼레티놀 제품인 레티놀 엑스퍼트 01를 새롭게 출시했다아이오페 레티놀 엑스퍼트 01는 과거 아이오페 레티놀 2500에 비해 130나 높은 고함량 순수 레티놀 제품이다 레티놀 01는 백인과 히스패닉 여성보다 피부 민감도가 높은 한국 여성이 매일 사용하기 적합한 함량이다 국내 최초로 식품의약품안전처에서 고함량 심사까지 완료했다아이오페 레티놀 엑스퍼트 01는 2주 만에 확실한 주름 개선 효과를 선사한다 표정 주름 잠재 주름 인상 주름은 물론이고 가장 회복이 힘들다는 붕괴 주름까지 개선한다 여기에 히알루론산 판테놀 성분을 함께 함유해 피부 보호 및 장벽 강화 효과도 있다 또 개봉 후 마지막 한 방울까지 효과를 유지할 수 있도록 3단계 산소 차단 시스템이 적용된 용기를 사용했다 한층 개선된 안정화 기술로 레티놀의 효능을 온전히 담아냈다아이오페 레티놀 엑스퍼트 01는 전국 아리따움 및 마트 매장 아리따움몰 아모레퍼시픽몰에서 만나볼 수 있다주요기사천박한 도시 아파트 환상 민심 들쑤신 부동산 실언들공수처장 후보 선정 또 무산추천위 28일 재논의키로재조명되고 있는 레티놀화장품 업계에서 고기능 트렌드가 계속되며 궁극의 안티에이징 성분인 레티놀을 재조명하고 있다중년층을 넘어 2030세대도 얼리 안티에이징에 대한 인식이 커지며 레티놀을 주목하고 있다최근 글로벌 브랜드들 역시 앞다퉈 레티놀 제품을 다시 선보이고 있다 그러나 자세히 살펴보면 레티놀이 아닌 유도체를 사용했거나 너무 높은 함량으로 부작용의 위험이 있는 제품들이 있다 레티놀은 함량이 높다고 무작정 좋은 것이 아니다 최적의 함량과 보존 기술의 균형 감각이 중요하다 탁월한 성분이라도 제대로 다루지 못한다면 그 진가를 발휘할 수 없다레티놀을 고를 때는 연구 기간이나 특허 기술 등의 객관적인 사실을 토대로 얼마나 제대로 이 성분을 다뤄왔는지를 확인해야 한다 이런 기준에 따라 레티놀 연구의 발자취를 따라가다 보면 결국 아이오페에 이르게 된다1997년 최초로 레티놀 안정화 기술을 개발한 이래로 아이오페는 쉬지 않고 레티놀 연구에 매진해 독보적인 전문성을 다져왔기 때문이다아이오페의 레티놀 히스토리1997년 아이오페는 국내 최초로 레티놀을 화장품으로 만들어냈다 레티놀 2500은 브랜드를 넘어 그룹 차원에서 레티놀 연구를 핵심 과제로 선정해 투자를 아끼지 않았던 결과다 당시는 아모레퍼시픽그룹이 사업적으로 매우 어려운 상황을 맞이하던 시기였다 어려운 상황 속에서 세계적 기업들도 성공하지 못한 고농도 순수 레티놀 안정화 연구에 착수한다는 것은 매우 어려운 선택이었다실패를 거듭하던 연구진은 수많은 시행착오 끝에 레티놀을 캡슐에 담는 아이디어로 난관을 극복했다 또 2644명이 참여한 85회의 임상시험을 통해 최적의 함량을 찾아냈다아이오페 레티놀 2500은 출시와 함께 큰 반향을 불러일으켰다 전 세계 화장품 시장은 물론이고 의학계마저 주목했다 놀라운 효능을 직접 경험한 사람들의 입소문으로 인해 주름레티놀이라는 공식이 생겨날 정도였다이름과 콘셉트만 따라 만든 미투 제품도 범람하며 사회적 이슈가 됐다 이는 국내에서 처음으로 기능성 화장품에 관한 법안이 도입되는 계기가 되기도 했다아이오페 레티놀 2500은 1997년 210억 원의 매출을 거둔 후 10년 만에 2000억 원이 넘는 매출을 기록하며 성공을 일궈냈다 이후 9번의 업그레이드를 거치며 아이오페의 레티놀 제품들은 믿고 쓰는 안티에이징 화장품의 대명사로 자리 잡았다 2012년에는 분자 구조를 완전히 바꿈으로써 안정성을 대폭 개선한 4세대 레티노이드 R2500까지 단독 개발해 세계적으로 인정받았다1990년대 레티놀 연구 초기에는 안정화가 최대 화두였다 아이오페는 다중 캡슐화라는 기술을 통해 안정화에 성공했다 이에 만족하지 않고 아이오페는 레티놀을 감싸는 캡슐막의 종류를 바꿔 보거나 만드는 방법에 변화를 주는 등 다양한 기술적 시도를 거듭해왔다 이러한 기술과 노력으로 아이오페의 역대 레티놀 제품들은 성분 파괴 없이 효능 유지가 가능했다레티놀의 안정화에 자신감을 얻은 아이오페는 무엇인가로 감싸지 않은 순수한 레티놀을 그대로 사용할 수는 없을까라는 과제에 도전했다2020년 마침내 자체 개발한 큐브셀 슈퍼레티놀TM 기술을 통해 캡슐로 감싸지 않은 순수한 레티놀이 담긴 제품을 만들어냈다 그물과 같은 매트릭스 구조를 이용한 다상 폴리머 유화 기술과 새로운 항산화제 칵테일 기술을 조합해 순수한 레티놀을 산화의 위험 없이 안정적으로 담아냈다레티놀 혁신의 역사에는 아이오페 연구원들의 노력이 숨어 있다 레티놀 별동대라 불리는 이들은 레티놀 관련 원천 기술을 확보하기 위해 25년째 레티놀만 연구하고 있다올해 선보인 슈퍼레티놀은 아이오페 레티놀 별동대의 연구 역량을 집대성한 새로운 레티놀이다 고도화된 안정화 기술과 역대 최고의 함량을 구현했다 아이오페는 단 2주 만에 확실한 주름 개선 효과를 선사하는 레티놀 엑스퍼트 01를 통해 고객들의 피부 고민을 해결해 나갈 예정이다아이오페가 주름연구소를 연 까닭은연구소 중심의 고기능성 브랜드 아이오페가 주름 고민에 빠진 사람들을 위해 팔을 걷고 나섰다 아이오페 주름연구소라는 이름의 고객 체험 이벤트를 개최한 것 아이오페 주름연구소는 2020년 레티놀 신제품인 레티놀 엑스퍼트 01의 출시를 기념해 마련했다 1월 6일부터 12일까지 아모레퍼시픽 용산 본사 1층에서 진행했으며 14일부터 19일까지는 아모레퍼시픽의 체험형 뷰티라운지인 아모레성수로 자리를 옮겨 운영했다아이오페 주름연구소는 주름의 각종 전조 증상을 보여주는 주름 시그널 법칙을 비롯해 우리가 미처 알지 못한 세상의 모든 주름을 보여주는 주름 분류학 등 흥미진진한 콘텐츠를 선보였다 또 올봄 새로 오픈하는 아이오페 랩IOPE LAB에서 선보일 피부 미래 진단기기 마크뷰 등 체험 프로그램도 많았다이러한 체험을 통해 고객들은 자연스레 주름을 개선하기 위한 최선의 선택은 레티놀이라는 사실을 인지하게 된다1997년 국내 최초로 레티놀 안정화에 성공한 아이오페가 왜 지난 25년 동안 한결같이 레티놀에 천착해 왔는지 왜 모든 전문가가 주름엔 레티놀 레티놀은 아이오페라고 얘기하는지를 깨닫게 된다안티에이징의 대명사 레티놀이란레티놀은 비타민A의 일종이다 비타민A는 고대 그리스에서도 사용했던 기록이 있을 정도로 오랜 역사를 가진 성분이다 레티놀은 피부의 레티놀 수용체와 결합해 주름을 개선하는 효과가 있는 것으로 알려져 있다글로벌 데이터베이스인 코크런 라이브러리Cochrane Library에서도 거의 유일하게 명확한 효과를 보이는 안티에이징 성분으로 레티놀을 소개하고 있다탁월한 효능에도 불구하고 레티놀은 매우 다루기 어려운 성분으로 유명하다 빛과 공기 수분에 모두 민감하게 반응해 안정화하기가 어렵기 때문이다 또 적정 농도를 벗어나면 피부에 자극을 줄 수 있다는 단점도 있다따라서 레티놀을 제품에 적용하기 위해서는 효능을 유지하도록 안정화하면서도 자극은 최소화할 수 있는 기술력이 필요하다 뷰티 업계에서는 레티놀을 대체할 만한 유효 성분 개발에 힘쓰고 있지만 레티놀에 버금가는 성분을 찾기는 어려웠다아이오페레티놀안티에이징아모레퍼시픽0카카오톡페이스북트위터공유하기AD0 개의 기사의견이 있습니다댓글쓰기Copyright  동아일보  dongacom당신이 좋아할 만한 콘텐츠경제 많이 본 뉴스1올 한해 민심 들쑤신 황당한 부동산 실언들2신세계 이명희 한남동 자택 공시가 295억6년 연속 부동의 1위3제네시스 GV70 인기 옵션 넣어도 5840만원4코스피 강보합 2772 또 사상최고개인 홀로 사자5창원 의창 투기과열지구파주부산 등 36곳 조정대상지역 지정6대통령과 재계의 경제 3법 평행선7용인 아파트 거래량 사상 최대 힐스테이트 용인 둔전역 분위기 잇는다8창원 의창 투기과열지구 됐다부산 등 37곳 조정대상지역9증명도 근거도 없다검찰 신라젠 재판서 1시간 망신10골판지 재료 웃돈 줘도 못 구해 박스대란 비상a hrefyellowcontentsfeedcomRealMediaadsclicknxadswwwdongacomnewsx36img srcyellowcontentsfeedcomRealMediaadsadstreamnxadswwwdongacomnewsx36 altThumbnaila기사 의견총 0개의 기사의견이 있습니다동아닷컴네이버페이스북트위터카카오스토리애플로그인하시면 댓글을 작성하실 수 있습니다댓글은 150자까지만 입력하실 수 있으며 4회 연속 등록이 제한됩니다0  150주요뉴스천박한 도시 아파트 환상 민심 들쑤신 부동산 실언들공수처장 후보 선정 또 무산추천위 28일 재논의키로정직 이틀째 회갑 맞은 반려견 토리와 아파트 산책윤석열 측 대통령 처분에불복하지만 피고는 추미애대통령 지지율 40대 회복호남은 긍정 첫 60 아래로 추미애 다음 행보는 성일종 서울시장 출마하라김경수 대선 불출마 의사 재확인경남지사 재선 도전내일 아침 최저기온 17도 꽁꽁최강 한파 언제까지한동수 수사 통한 쿠테타진술서 제출 내부 반발 확산김근식 백신 접종 못하는 건못 구해서 라고솔직해지라동영상동영상보기트렌드뉴스많이 본댓글이 핫한베스트 추천1전문답답하고 억울해서 황하나 자해 소동 사과2 복귀냐 아니냐운명 판가름할 홍순욱 판사 누구3날씨19일 아침 최저기온 17도 꽁꽁최강 한파 언제까지4정직 이틀만에 모습 드러낸 반려견 토리와 아파트서 산책5주호영 원내대표직 사의 표명곧바로 재신임a hrefyellowcontentsfeedcomRealMediaadsclicknxadswwwdongacomnewsx55img srcyellowcontentsfeedcomRealMediaadsadstreamnxadswwwdongacomnewsx55 altrightBanneraa hrefyellowcontentsfeedcomRealMediaadsclicknxadswwwdongacomnewsx05img srcyellowcontentsfeedcomRealMediaadsadstreamnxadswwwdongacomnewsx05 altLeftBannera a hrefyellowcontentsfeedcomRealMediaadsclicknxadswwwdongacomnewsx12img srcyellowcontentsfeedcomRealMediaadsadstreamnxadswwwdongacomnewsx12 altRightBannera당신만 안본 뉴스대통령 지지율 40대 회복 왜호남 첫 60 아래로 병상대기 중 사망 속출에도3단계 격상가 목표라는 공수처장 후보 선정 또 무산추천위 28일 재논의키로총장 복귀냐 아니냐운명 판가름할 홍순욱 판사 누구전기요금 개편에 산업계 긴장비용 부담 커질 것계약이 목표라니진전 없는 백신 브리핑은 왜오피니언사설오늘과내일횡설수설광화문에서동아광장정치청와대국회정당북한외교안보행정자치경제기업CEO부동산금융IT자동차사회교육노동사건사고국제아시아미국북미생활문화문학건강스포츠야구MLB축구연예방송영화책의 향기헬스 동아스타일매거진Q골든걸즐거운 인생edu이슈연재트렌드뉴스오늘의신문일일외국어보도자료동아일보 회사소개| 문화스포츠사업| 신문박물관| 인촌기념회| 화정 평화재단| 신문광고안내| 구독신청| 독자서비스| 기사제보| 정정보도 신청주소 서울특별시 종로구 청계천로 1 | 대표번호 0220200114동아닷컴 회사소개| 광고 인터넷 전광판| 제휴안내| 이용약관| 개인정보처리방침| 청소년보호정책책임자 고영준| 사이트맵| RSS주소 서울특별시 서대문구 충정로 29 | Tel 023600400 | 등록번호 서울아00741 | 발행일자 19960618 | 등록일자 20090116 | 발행편집인 박원재Copyright by dongAcom All rights reserved
